"Group.1","x"
"1/1/2011",1.3975
"1/1/2012",1.6775
"1/1/2013",3.17
"1/1/2014",1.0325
"1/1/2015",4.0075
"1/1/2016",2.635
"1/1/2017",2.7375
"1/1/2018",4.2925
"1/1/2019",2.24
"1/1/2020",3.035
"1/1/2021",-0.06
"1/10/2011",5.485
"1/10/2012",2.565
"1/10/2013",4.7725
"1/10/2014",-2.675
"1/10/2015",5.8675
"1/10/2016",-0.115
"1/10/2017",1.685
"1/10/2018",-2.0525
"1/10/2019",8.355
"1/10/2020",1.5075
"1/11/2011",-0.175
"1/11/2012",-1.9975
"1/11/2013",-3.1125
"1/11/2014",-1.5325
"1/11/2015",0.9
"1/11/2016",5.5975
"1/11/2017",3.0025
"1/11/2018",-0.9
"1/11/2019",6.455
"1/11/2020",2.7475
"1/12/2011",2.4975
"1/12/2012",-0.955
"1/12/2013",-0.31
"1/12/2014",2.955
"1/12/2015",1.0325
"1/12/2016",0.4225
"1/12/2017",4.9425
"1/12/2018",-2.7
"1/12/2019",-0.0125
"1/12/2020",3.385
"1/13/2011",6.53
"1/13/2012",2.615
"1/13/2013",-1.2325
"1/13/2014",0.97
"1/13/2015",-1.0625
"1/13/2016",6.0075
"1/13/2017",4.075
"1/13/2018",2.385
"1/13/2019",-3.3675
"1/13/2020",-2.0075
"1/14/2011",5.58
"1/14/2012",4.635
"1/14/2013",1.6
"1/14/2014",0.425
"1/14/2015",-3.255
"1/14/2016",1.36
"1/14/2017",-2.195
"1/14/2018",2.7
"1/14/2019",-1.5225
"1/14/2020",-2.115
"1/15/2011",-0.075
"1/15/2012",2.9375
"1/15/2013",-2.055
"1/15/2014",0.5875
"1/15/2015",1.3575
"1/15/2016",1.2375
"1/15/2017",-0.5625
"1/15/2018",-3.5775
"1/15/2019",3.9525
"1/15/2020",1.095
"1/16/2011",2.83
"1/16/2012",-1.65
"1/16/2013",-0.605
"1/16/2014",2.1075
"1/16/2015",4.5
"1/16/2016",1.0925
"1/16/2017",-2.545
"1/16/2018",-1.81
"1/16/2019",3.2525
"1/16/2020",4.6775
"1/17/2011",-1.6725
"1/17/2012",2.6925
"1/17/2013",1.2575
"1/17/2014",-0.0875
"1/17/2015",0.0375
"1/17/2016",0.8475
"1/17/2017",-0.62
"1/17/2018",2.4875
"1/17/2019",0.8475
"1/17/2020",5.97
"1/18/2011",-0.55
"1/18/2012",4.73
"1/18/2013",2.885
"1/18/2014",3.535
"1/18/2015",-0.84
"1/18/2016",5.4525
"1/18/2017",2.4775
"1/18/2018",5.3
"1/18/2019",-1.9625
"1/18/2020",-1.8675
"1/19/2011",1.93
"1/19/2012",-0.21
"1/19/2013",1.8675
"1/19/2014",2.5975
"1/19/2015",3.86
"1/19/2016",8.1475
"1/19/2017",2.74
"1/19/2018",2.9125
"1/19/2019",-1.795
"1/19/2020",2.93
"1/2/2011",0.87
"1/2/2012",4.31
"1/2/2013",1.5475
"1/2/2014",-0.67
"1/2/2015",3.4025
"1/2/2016",4.14
"1/2/2017",-5.0525
"1/2/2018",6.3925
"1/2/2019",-0.0225
"1/2/2020",1.26
"1/20/2011",2.7275
"1/20/2012",1.17
"1/20/2013",3.25
"1/20/2014",2.41
"1/20/2015",-0.2725
"1/20/2016",5.0225
"1/20/2017",-1.45
"1/20/2018",2.9775
"1/20/2019",0.8225
"1/20/2020",5.16
"1/21/2011",2.715
"1/21/2012",-1.7525
"1/21/2013",0.0375
"1/21/2014",-0.4375
"1/21/2015",-2.7925
"1/21/2016",4.32
"1/21/2017",-0.2025
"1/21/2018",0.6525
"1/21/2019",9.4125
"1/21/2020",2.355
"1/22/2011",2.915
"1/22/2012",-2.335
"1/22/2013",5.9525
"1/22/2014",2.835
"1/22/2015",1.9525
"1/22/2016",0.895
"1/22/2017",-0.695
"1/22/2018",1.135
"1/22/2019",4.225
"1/22/2020",0.87
"1/23/2011",2.5875
"1/23/2012",-1.87
"1/23/2013",5.07
"1/23/2014",3.7925
"1/23/2015",1.85
"1/23/2016",-1.7825
"1/23/2017",-5.17
"1/23/2018",-0.7075
"1/23/2019",2.0425
"1/23/2020",-0.7825
"1/24/2011",-0.125
"1/24/2012",1.8875
"1/24/2013",0.4475
"1/24/2014",7.3425
"1/24/2015",0.855
"1/24/2016",3.23
"1/24/2017",2.25
"1/24/2018",4.0975
"1/24/2019",-0.3525
"1/24/2020",-3.2925
"1/25/2011",0.2125
"1/25/2012",1.2625
"1/25/2013",3.2775
"1/25/2014",2.2775
"1/25/2015",3.2675
"1/25/2016",0.515
"1/25/2017",2.4875
"1/25/2018",4.8325
"1/25/2019",4.1925
"1/25/2020",-3.2325
"1/26/2011",-2.9725
"1/26/2012",-1.67
"1/26/2013",1.735
"1/26/2014",2.2325
"1/26/2015",-2.27
"1/26/2016",1.985
"1/26/2017",2.3575
"1/26/2018",-0.6825
"1/26/2019",-0.5325
"1/26/2020",3.19
"1/27/2011",3.5475
"1/27/2012",1.5825
"1/27/2013",1.56
"1/27/2014",1.575
"1/27/2015",1.7525
"1/27/2016",3.86
"1/27/2017",4.89
"1/27/2018",4.11
"1/27/2019",-0.85
"1/27/2020",2.525
"1/28/2011",-0.5425
"1/28/2012",2.6575
"1/28/2013",1.0425
"1/28/2014",4.46
"1/28/2015",5.0425
"1/28/2016",-0.2975
"1/28/2017",2.6625
"1/28/2018",2.8175
"1/28/2019",0.29
"1/28/2020",3.5
"1/29/2011",1.595
"1/29/2012",6.6225
"1/29/2013",0.93
"1/29/2014",2.655
"1/29/2015",0.91
"1/29/2016",3.11
"1/29/2017",1.6025
"1/29/2018",-3.1525
"1/29/2019",-2.2725
"1/29/2020",2.9925
"1/3/2011",5.58
"1/3/2012",6.125
"1/3/2013",0.4675
"1/3/2014",3.075
"1/3/2015",-2.6175
"1/3/2016",1.4325
"1/3/2017",-2.2075
"1/3/2018",1.0125
"1/3/2019",1.0225
"1/3/2020",0.8725
"1/30/2011",0.1925
"1/30/2012",5.62
"1/30/2013",-0.5675
"1/30/2014",0.625
"1/30/2015",3.3075
"1/30/2016",2.49
"1/30/2017",2.5375
"1/30/2018",3.4725
"1/30/2019",2.9775
"1/30/2020",-1.965
"1/31/2011",-1.825
"1/31/2012",2.625
"1/31/2013",4.645
"1/31/2014",-0.4975
"1/31/2015",7.5
"1/31/2016",1.2525
"1/31/2017",1.2725
"1/31/2018",4.5075
"1/31/2019",4.8775
"1/31/2020",-2.03
"1/4/2011",1.6225
"1/4/2012",3.9225
"1/4/2013",4.9325
"1/4/2014",1.0475
"1/4/2015",0.1975
"1/4/2016",2.7675
"1/4/2017",1.9775
"1/4/2018",1.9975
"1/4/2019",-0.3125
"1/4/2020",-0.465
"1/5/2011",2.2575
"1/5/2012",2.21
"1/5/2013",5.2
"1/5/2014",-0.0600000000000001
"1/5/2015",7.215
"1/5/2016",1.9725
"1/5/2017",2.9475
"1/5/2018",8.435
"1/5/2019",0.465
"1/5/2020",4.9
"1/6/2011",-0.0175
"1/6/2012",1.75
"1/6/2013",0.7675
"1/6/2014",2.12
"1/6/2015",1.9775
"1/6/2016",0.33
"1/6/2017",0.07
"1/6/2018",8.0125
"1/6/2019",4.3775
"1/6/2020",1.86
"1/7/2011",1.1825
"1/7/2012",1.93
"1/7/2013",4.0925
"1/7/2014",7.5675
"1/7/2015",5.71
"1/7/2016",-0.7825
"1/7/2017",0.5425
"1/7/2018",4.5575
"1/7/2019",-0.57
"1/7/2020",1.335
"1/8/2011",0.16
"1/8/2012",2.855
"1/8/2013",1.215
"1/8/2014",1.555
"1/8/2015",7.74
"1/8/2016",-1.76
"1/8/2017",7.6625
"1/8/2018",2.305
"1/8/2019",-0.4975
"1/8/2020",5.2525
"1/9/2011",6.6625
"1/9/2012",-2.06
"1/9/2013",1.69
"1/9/2014",-1.685
"1/9/2015",3.155
"1/9/2016",-1.9775
"1/9/2017",4.145
"1/9/2018",4.29
"1/9/2019",2.1725
"1/9/2020",1.7125
"10/1/2011",4.2975
"10/1/2012",0.885
"10/1/2013",1.295
"10/1/2014",-0.945
"10/1/2015",-1.77
"10/1/2016",-5.695
"10/1/2017",-2.9075
"10/1/2018",1.64
"10/1/2019",-0.2675
"10/1/2020",1.47
"10/10/2011",-0.7625
"10/10/2012",0.69
"10/10/2013",-3.5875
"10/10/2014",-0.895
"10/10/2015",-0.425
"10/10/2016",2.625
"10/10/2017",0.0475
"10/10/2018",-1.0125
"10/10/2019",-1.685
"10/10/2020",1.345
"10/11/2011",-2.34
"10/11/2012",4.105
"10/11/2013",-0.6625
"10/11/2014",-1.98
"10/11/2015",-1.135
"10/11/2016",-2.34
"10/11/2017",-4.1475
"10/11/2018",-0.14
"10/11/2019",-1.84
"10/11/2020",1.3775
"10/12/2011",-5.9
"10/12/2012",3.9075
"10/12/2013",-4.34
"10/12/2014",-2.8575
"10/12/2015",0.955
"10/12/2016",-1.67
"10/12/2017",-6.2675
"10/12/2018",1.69
"10/12/2019",-0.53
"10/12/2020",-5.345
"10/13/2011",-3.0425
"10/13/2012",-3.0375
"10/13/2013",-5.6125
"10/13/2014",-3.255
"10/13/2015",0.0425
"10/13/2016",1.0275
"10/13/2017",-5.695
"10/13/2018",1.98
"10/13/2019",-0.4875
"10/13/2020",0.5575
"10/14/2011",0.66
"10/14/2012",1.2625
"10/14/2013",-4.3675
"10/14/2014",-1.7325
"10/14/2015",2.15
"10/14/2016",0.845
"10/14/2017",-0.2975
"10/14/2018",1.1375
"10/14/2019",0.115
"10/14/2020",3.5875
"10/15/2011",5.1775
"10/15/2012",0.9325
"10/15/2013",-3.03
"10/15/2014",-2.395
"10/15/2015",3.2675
"10/15/2016",-1.0125
"10/15/2017",0.62
"10/15/2018",1.905
"10/15/2019",-1.1225
"10/15/2020",1.1775
"10/16/2011",3.765
"10/16/2012",2.47
"10/16/2013",-2.345
"10/16/2014",0.38
"10/16/2015",2.9725
"10/16/2016",0.3225
"10/16/2017",2.91
"10/16/2018",3.57
"10/16/2019",-0.9575
"10/16/2020",0.73
"10/17/2011",2.3
"10/17/2012",0.6275
"10/17/2013",-0.7925
"10/17/2014",1.4425
"10/17/2015",4.7275
"10/17/2016",1.86
"10/17/2017",0.59
"10/17/2018",3.85
"10/17/2019",6.6875
"10/17/2020",1.0225
"10/18/2011",-1.315
"10/18/2012",-1.44
"10/18/2013",3.325
"10/18/2014",2.8425
"10/18/2015",6.145
"10/18/2016",0.75
"10/18/2017",1.715
"10/18/2018",4.7025
"10/18/2019",3.835
"10/18/2020",-2.245
"10/19/2011",-3.9825
"10/19/2012",0.1225
"10/19/2013",-1.095
"10/19/2014",5.045
"10/19/2015",1.6475
"10/19/2016",2.08
"10/19/2017",2.4775
"10/19/2018",3.1225
"10/19/2019",1.42
"10/19/2020",-1.5825
"10/2/2011",3.7025
"10/2/2012",-1.6075
"10/2/2013",3.245
"10/2/2014",-1.665
"10/2/2015",-4.285
"10/2/2016",-0.5375
"10/2/2017",0.3475
"10/2/2018",1.8975
"10/2/2019",2.55
"10/2/2020",0.5275
"10/20/2011",1.905
"10/20/2012",2.465
"10/20/2013",4.205
"10/20/2014",1.5575
"10/20/2015",2.805
"10/20/2016",-1.805
"10/20/2017",4.0475
"10/20/2018",2.4
"10/20/2019",-2.875
"10/20/2020",-1.05
"10/21/2011",3.3175
"10/21/2012",3.735
"10/21/2013",1.2425
"10/21/2014",0.0275
"10/21/2015",1.865
"10/21/2016",-0.92
"10/21/2017",-0.3625
"10/21/2018",5.455
"10/21/2019",0.0525
"10/21/2020",-0.09
"10/22/2011",3.295
"10/22/2012",3.5125
"10/22/2013",0.3075
"10/22/2014",1.7075
"10/22/2015",2.5175
"10/22/2016",5.585
"10/22/2017",-0.935
"10/22/2018",3.605
"10/22/2019",-2.135
"10/22/2020",0.0725
"10/23/2011",-0.2775
"10/23/2012",1.445
"10/23/2013",0.215
"10/23/2014",4.645
"10/23/2015",0.89
"10/23/2016",5.6775
"10/23/2017",-2.7925
"10/23/2018",3.6925
"10/23/2019",4.08
"10/23/2020",-1.21
"10/24/2011",-0.16
"10/24/2012",0.0525
"10/24/2013",5.3275
"10/24/2014",4.985
"10/24/2015",-4.6275
"10/24/2016",4.1175
"10/24/2017",-0.7425
"10/24/2018",4.1125
"10/24/2019",0.985
"10/24/2020",0.97
"10/25/2011",4.465
"10/25/2012",-2.68
"10/25/2013",5.8325
"10/25/2014",3.2325
"10/25/2015",2.0325
"10/25/2016",5.485
"10/25/2017",1.435
"10/25/2018",2.5975
"10/25/2019",0.9725
"10/25/2020",-1.865
"10/26/2011",2.08
"10/26/2012",-3.5525
"10/26/2013",4.9875
"10/26/2014",3.755
"10/26/2015",-0.6925
"10/26/2016",-0.51
"10/26/2017",2.2875
"10/26/2018",-1.755
"10/26/2019",0.215
"10/26/2020",-0.765
"10/27/2011",0.8
"10/27/2012",-3.515
"10/27/2013",3.6525
"10/27/2014",2.1225
"10/27/2015",-3.8375
"10/27/2016",-2.4825
"10/27/2017",1.84
"10/27/2018",-1.49
"10/27/2019",-3.2025
"10/27/2020",-0.4825
"10/28/2011",-0.83
"10/28/2012",-2.1075
"10/28/2013",-2.8125
"10/28/2014",1.475
"10/28/2015",-7.095
"10/28/2016",5.1725
"10/28/2017",0.15
"10/28/2018",2.3375
"10/28/2019",1.0375
"10/28/2020",-0.075
"10/29/2011",-2.23
"10/29/2012",2.285
"10/29/2013",-2.3275
"10/29/2014",2.1175
"10/29/2015",1.285
"10/29/2016",2.56
"10/29/2017",-2.38
"10/29/2018",3.0925
"10/29/2019",-3.5975
"10/29/2020",-3.495
"10/3/2011",2.62
"10/3/2012",0.86
"10/3/2013",1.1025
"10/3/2014",-3.085
"10/3/2015",-6.2175
"10/3/2016",0.6825
"10/3/2017",-2.9375
"10/3/2018",2.8275
"10/3/2019",-1.9425
"10/3/2020",3.02
"10/30/2011",3.1825
"10/30/2012",4.7625
"10/30/2013",-1.9975
"10/30/2014",2.3475
"10/30/2015",3.0925
"10/30/2016",3.9025
"10/30/2017",6.8725
"10/30/2018",4.34
"10/30/2019",-2.18
"10/30/2020",0.9575
"10/31/2011",-1.225
"10/31/2012",2.045
"10/31/2013",-0.41
"10/31/2014",-1.15
"10/31/2015",1.405
"10/31/2016",1.5575
"10/31/2017",3.0075
"10/31/2018",1.92
"10/31/2019",-1.0575
"10/31/2020",-1.07
"10/4/2011",2.9525
"10/4/2012",1.0225
"10/4/2013",0.7
"10/4/2014",0.835
"10/4/2015",-7.5675
"10/4/2016",-2.3575
"10/4/2017",-0.255
"10/4/2018",-1.1975
"10/4/2019",-0.195
"10/4/2020",-0.775
"10/5/2011",5.2325
"10/5/2012",2.9175
"10/5/2013",1.1275
"10/5/2014",2.4475
"10/5/2015",-4.1675
"10/5/2016",-5.185
"10/5/2017",3.135
"10/5/2018",-1.5325
"10/5/2019",-4.08
"10/5/2020",1.6225
"10/6/2011",-1.5625
"10/6/2012",2.255
"10/6/2013",0.0225
"10/6/2014",0.645
"10/6/2015",-0.9475
"10/6/2016",-2.0725
"10/6/2017",1.1
"10/6/2018",-1.585
"10/6/2019",-1.525
"10/6/2020",0.6375
"10/7/2011",-0.2475
"10/7/2012",-0.24
"10/7/2013",-0.675
"10/7/2014",0.8325
"10/7/2015",1.505
"10/7/2016",-3.665
"10/7/2017",0.7675
"10/7/2018",0.57
"10/7/2019",1.59
"10/7/2020",2.3975
"10/8/2011",-1.8125
"10/8/2012",1.545
"10/8/2013",0.505
"10/8/2014",4.4
"10/8/2015",1.3425
"10/8/2016",-2.985
"10/8/2017",0.68
"10/8/2018",-0.1475
"10/8/2019",-2.9475
"10/8/2020",3.2025
"10/9/2011",0.22
"10/9/2012",-1.395
"10/9/2013",-4.7375
"10/9/2014",2.5175
"10/9/2015",0.8675
"10/9/2016",1.525
"10/9/2017",-0.605
"10/9/2018",-2.4825
"10/9/2019",-2.885
"10/9/2020",2.8875
"11/1/2011",-2.135
"11/1/2012",2.615
"11/1/2013",0.0875
"11/1/2014",-1.1175
"11/1/2015",1.7275
"11/1/2016",-2.08
"11/1/2017",-3.2875
"11/1/2018",1.44
"11/1/2019",3.9275
"11/1/2020",-1.51
"11/10/2011",-0.125
"11/10/2012",0.1675
"11/10/2013",4.8525
"11/10/2014",-1.0875
"11/10/2015",-3.375
"11/10/2016",4.2325
"11/10/2017",3.22
"11/10/2018",7.0075
"11/10/2019",1.59
"11/10/2020",1.0175
"11/11/2011",5.1225
"11/11/2012",-0.3825
"11/11/2013",4.87
"11/11/2014",-1.23
"11/11/2015",4.55
"11/11/2016",3.58
"11/11/2017",-0.875
"11/11/2018",3.28
"11/11/2019",0.815
"11/11/2020",-0.4775
"11/12/2011",3.9025
"11/12/2012",-0.06
"11/12/2013",2.385
"11/12/2014",0.6625
"11/12/2015",0.355
"11/12/2016",1.505
"11/12/2017",0.3675
"11/12/2018",0.59
"11/12/2019",2.66
"11/12/2020",1.0625
"11/13/2011",2.215
"11/13/2012",2.3175
"11/13/2013",5.1125
"11/13/2014",1.2325
"11/13/2015",3.7825
"11/13/2016",4.035
"11/13/2017",-1.1425
"11/13/2018",-0.38
"11/13/2019",4.09
"11/13/2020",0.23
"11/14/2011",2.9625
"11/14/2012",-0.2975
"11/14/2013",3.7775
"11/14/2014",4.1075
"11/14/2015",6.955
"11/14/2016",2.7475
"11/14/2017",0.76
"11/14/2018",4.09
"11/14/2019",0.9125
"11/14/2020",4.4875
"11/15/2011",1.265
"11/15/2012",-3.7975
"11/15/2013",1
"11/15/2014",5.0325
"11/15/2015",4.4625
"11/15/2016",0.875
"11/15/2017",-1.8125
"11/15/2018",-5.7775
"11/15/2019",1.465
"11/15/2020",-2.975
"11/16/2011",-0.9925
"11/16/2012",-1.59
"11/16/2013",0.065
"11/16/2014",0.6675
"11/16/2015",4.5225
"11/16/2016",3.4925
"11/16/2017",2.1925
"11/16/2018",3.505
"11/16/2019",-2.915
"11/16/2020",5.95
"11/17/2011",2.235
"11/17/2012",-3.55
"11/17/2013",-1.25
"11/17/2014",-0.21
"11/17/2015",-2.0125
"11/17/2016",2.9125
"11/17/2017",4.96
"11/17/2018",4.005
"11/17/2019",-4.8875
"11/17/2020",5.7875
"11/18/2011",6.565
"11/18/2012",-6.4325
"11/18/2013",1.1075
"11/18/2014",6.195
"11/18/2015",-6.2125
"11/18/2016",1.0075
"11/18/2017",1.3
"11/18/2018",-1.245
"11/18/2019",-0.72
"11/18/2020",6.755
"11/19/2011",1.8875
"11/19/2012",-4.1125
"11/19/2013",5.37
"11/19/2014",5.41
"11/19/2015",-4.165
"11/19/2016",1.3325
"11/19/2017",4.33
"11/19/2018",0.5175
"11/19/2019",1.5
"11/19/2020",0.82
"11/2/2011",-0.77
"11/2/2012",3.8675
"11/2/2013",0.475
"11/2/2014",4.3275
"11/2/2015",1.075
"11/2/2016",0.7325
"11/2/2017",1.55
"11/2/2018",0.00999999999999997
"11/2/2019",-0.055
"11/2/2020",7.095
"11/20/2011",3.625
"11/20/2012",-2.445
"11/20/2013",-1.95
"11/20/2014",2.965
"11/20/2015",3.635
"11/20/2016",7
"11/20/2017",5.5125
"11/20/2018",2.625
"11/20/2019",3.0775
"11/20/2020",2.7925
"11/21/2011",0.645
"11/21/2012",-2.1625
"11/21/2013",-3.8825
"11/21/2014",6.0975
"11/21/2015",-1.8225
"11/21/2016",7.65
"11/21/2017",3.94
"11/21/2018",3.97
"11/21/2019",3.985
"11/21/2020",3.505
"11/22/2011",-3.4875
"11/22/2012",-2.5275
"11/22/2013",1.5375
"11/22/2014",1.855
"11/22/2015",2.0925
"11/22/2016",5.875
"11/22/2017",2.9675
"11/22/2018",2.99
"11/22/2019",2.065
"11/22/2020",-4.29
"11/23/2011",1.7625
"11/23/2012",-0.505
"11/23/2013",4.2625
"11/23/2014",2.925
"11/23/2015",4.5275
"11/23/2016",2.43
"11/23/2017",2.92
"11/23/2018",-3.2325
"11/23/2019",0.97
"11/23/2020",3.345
"11/24/2011",3.6525
"11/24/2012",4.385
"11/24/2013",8.675
"11/24/2014",-0.925
"11/24/2015",2.6075
"11/24/2016",-0.62
"11/24/2017",1.76
"11/24/2018",-2.98
"11/24/2019",2.22
"11/24/2020",3.69
"11/25/2011",3.005
"11/25/2012",4.6775
"11/25/2013",4.7125
"11/25/2014",1.6625
"11/25/2015",-3.8425
"11/25/2016",-1.3475
"11/25/2017",0.5175
"11/25/2018",2.67
"11/25/2019",1.715
"11/25/2020",0.175
"11/26/2011",1.785
"11/26/2012",1.3175
"11/26/2013",1.5025
"11/26/2014",-1.7975
"11/26/2015",-1.6925
"11/26/2016",1.7725
"11/26/2017",3.3325
"11/26/2018",-1.1825
"11/26/2019",0.2425
"11/26/2020",0.94
"11/27/2011",1.1575
"11/27/2012",-1.81
"11/27/2013",2.96
"11/27/2014",2.4175
"11/27/2015",2.1975
"11/27/2016",6.11
"11/27/2017",5.1
"11/27/2018",5.3875
"11/27/2019",0.5625
"11/27/2020",0.225
"11/28/2011",-0.2775
"11/28/2012",2.52
"11/28/2013",6.06
"11/28/2014",6.0775
"11/28/2015",4.405
"11/28/2016",0.2775
"11/28/2017",0.91
"11/28/2018",6.4125
"11/28/2019",5.8875
"11/28/2020",2.9475
"11/29/2011",-1.89
"11/29/2012",5.095
"11/29/2013",1.0625
"11/29/2014",-0.7875
"11/29/2015",-1.82
"11/29/2016",-1.695
"11/29/2017",3.435
"11/29/2018",5.8175
"11/29/2019",2.69
"11/29/2020",1.3375
"11/3/2011",0.2775
"11/3/2012",6.155
"11/3/2013",2.7525
"11/3/2014",6.4625
"11/3/2015",-0.1925
"11/3/2016",3.4175
"11/3/2017",1.0825
"11/3/2018",3.18
"11/3/2019",3.975
"11/3/2020",6.67
"11/30/2011",2.35
"11/30/2012",0.4675
"11/30/2013",-4.195
"11/30/2014",2.2575
"11/30/2015",-3.015
"11/30/2016",0.37
"11/30/2017",-3.1175
"11/30/2018",-1.5025
"11/30/2019",-0.4525
"11/30/2020",-2.78
"11/4/2011",-2.31
"11/4/2012",3.7725
"11/4/2013",-2.64
"11/4/2014",3.555
"11/4/2015",-0.125
"11/4/2016",1.3
"11/4/2017",-2.0975
"11/4/2018",-0.42
"11/4/2019",-1.3425
"11/4/2020",0.4575
"11/5/2011",-3.8475
"11/5/2012",1.89
"11/5/2013",-3.64
"11/5/2014",2.9475
"11/5/2015",-0.0375
"11/5/2016",2.5275
"11/5/2017",-2.815
"11/5/2018",-5.11
"11/5/2019",1.775
"11/5/2020",1.935
"11/6/2011",-1.6725
"11/6/2012",-2.8225
"11/6/2013",-1.5825
"11/6/2014",-1.875
"11/6/2015",1.5475
"11/6/2016",5.5875
"11/6/2017",2.2025
"11/6/2018",-0.1775
"11/6/2019",1.705
"11/6/2020",2.2
"11/7/2011",1.21
"11/7/2012",-1.45
"11/7/2013",1.835
"11/7/2014",3.395
"11/7/2015",3.07
"11/7/2016",-2.6625
"11/7/2017",-0.9625
"11/7/2018",2.8575
"11/7/2019",1.9425
"11/7/2020",1.57
"11/8/2011",0.57
"11/8/2012",3.6725
"11/8/2013",5.9825
"11/8/2014",3.9675
"11/8/2015",2.145
"11/8/2016",1.255
"11/8/2017",-0.6225
"11/8/2018",1.05
"11/8/2019",3.1775
"11/8/2020",1.7075
"11/9/2011",-1.1
"11/9/2012",5.05
"11/9/2013",2.7475
"11/9/2014",1.2225
"11/9/2015",-0.5275
"11/9/2016",2.9525
"11/9/2017",-1.385
"11/9/2018",-3.8
"11/9/2019",0.45
"11/9/2020",0.965
"12/1/2011",4.4175
"12/1/2012",-3.27
"12/1/2013",-0.6175
"12/1/2014",4.5775
"12/1/2015",-0.32
"12/1/2016",2.545
"12/1/2017",2.005
"12/1/2018",-1.3225
"12/1/2019",-2.445
"12/1/2020",3.905
"12/10/2011",3.2825
"12/10/2012",-0.5625
"12/10/2013",1.0575
"12/10/2014",4.6375
"12/10/2015",1.195
"12/10/2016",7.545
"12/10/2017",3.99
"12/10/2018",-0.835
"12/10/2019",2.08
"12/10/2020",1.3275
"12/11/2011",-0.1225
"12/11/2012",1.92
"12/11/2013",4.68
"12/11/2014",5.1875
"12/11/2015",0.105
"12/11/2016",1.975
"12/11/2017",2.025
"12/11/2018",0.32
"12/11/2019",5.2475
"12/11/2020",-0.0225
"12/12/2011",-1.645
"12/12/2012",0.8625
"12/12/2013",4.3125
"12/12/2014",5.6025
"12/12/2015",1.1275
"12/12/2016",0.29
"12/12/2017",0.23
"12/12/2018",2.6225
"12/12/2019",1.5375
"12/12/2020",1
"12/13/2011",2.1975
"12/13/2012",-3.33
"12/13/2013",4.18
"12/13/2014",2.425
"12/13/2015",1.985
"12/13/2016",0.9625
"12/13/2017",6.4075
"12/13/2018",-1
"12/13/2019",-2.8275
"12/13/2020",1.83
"12/14/2011",-0.505
"12/14/2012",0.8675
"12/14/2013",-2.4475
"12/14/2014",3.085
"12/14/2015",0.435
"12/14/2016",1.52
"12/14/2017",1.59
"12/14/2018",-1.59
"12/14/2019",1.505
"12/14/2020",-0.195
"12/15/2011",1.195
"12/15/2012",-1.3225
"12/15/2013",2.195
"12/15/2014",0.7525
"12/15/2015",3.6825
"12/15/2016",5.77
"12/15/2017",-0.5125
"12/15/2018",-3.74
"12/15/2019",4.5975
"12/15/2020",3.23
"12/16/2011",3.445
"12/16/2012",-1.735
"12/16/2013",2.1
"12/16/2014",-0.3475
"12/16/2015",1.02
"12/16/2016",5.1625
"12/16/2017",3.79
"12/16/2018",-1.575
"12/16/2019",-0.915
"12/16/2020",-4.2875
"12/17/2011",2.1125
"12/17/2012",-1.2975
"12/17/2013",-3.1
"12/17/2014",3.0775
"12/17/2015",-1.38
"12/17/2016",0.51
"12/17/2017",1.9
"12/17/2018",3.18
"12/17/2019",-1.1675
"12/17/2020",2.71
"12/18/2011",3.605
"12/18/2012",2.0975
"12/18/2013",2.075
"12/18/2014",5.9575
"12/18/2015",1.6025
"12/18/2016",0.8525
"12/18/2017",0.3925
"12/18/2018",4.3025
"12/18/2019",4.29
"12/18/2020",-0.00999999999999998
"12/19/2011",1.255
"12/19/2012",3.05
"12/19/2013",0.9525
"12/19/2014",4.285
"12/19/2015",6.0125
"12/19/2016",0.9075
"12/19/2017",0.9225
"12/19/2018",1.2875
"12/19/2019",5.8525
"12/19/2020",0.8075
"12/2/2011",0.9625
"12/2/2012",0.265
"12/2/2013",-1.6225
"12/2/2014",-1.93
"12/2/2015",0.4325
"12/2/2016",5.2075
"12/2/2017",-1.8875
"12/2/2018",-1.7075
"12/2/2019",2.4775
"12/2/2020",4.6025
"12/20/2011",2.665
"12/20/2012",-0.81
"12/20/2013",2.855
"12/20/2014",2.3075
"12/20/2015",4.03
"12/20/2016",-2.2025
"12/20/2017",3.2575
"12/20/2018",-1.0675
"12/20/2019",0.04
"12/20/2020",-0.915
"12/21/2011",-1.2925
"12/21/2012",0.9525
"12/21/2013",2.61
"12/21/2014",-0.4225
"12/21/2015",2.965
"12/21/2016",2.395
"12/21/2017",-1.255
"12/21/2018",-1.7575
"12/21/2019",-1.3775
"12/21/2020",-0.125
"12/22/2011",0.8
"12/22/2012",6.06
"12/22/2013",1.7075
"12/22/2014",-3.725
"12/22/2015",3.305
"12/22/2016",2.5325
"12/22/2017",-1.0275
"12/22/2018",5.145
"12/22/2019",0.91
"12/22/2020",3.925
"12/23/2011",2.0375
"12/23/2012",3.1525
"12/23/2013",2.3775
"12/23/2014",0.965
"12/23/2015",-1.005
"12/23/2016",4.1275
"12/23/2017",-0.18
"12/23/2018",3.4625
"12/23/2019",1.805
"12/23/2020",3.48
"12/24/2011",2.5775
"12/24/2012",-1.4075
"12/24/2013",4.1075
"12/24/2014",-0.295
"12/24/2015",2.15
"12/24/2016",2.4725
"12/24/2017",-0.0525
"12/24/2018",2.975
"12/24/2019",1.005
"12/24/2020",-1.7175
"12/25/2011",-0.2025
"12/25/2012",0.7925
"12/25/2013",3.6475
"12/25/2014",3.205
"12/25/2015",2.3425
"12/25/2016",0.405
"12/25/2017",5.48
"12/25/2018",3.1525
"12/25/2019",-1.565
"12/25/2020",3.2075
"12/26/2011",5.16
"12/26/2012",-3.24
"12/26/2013",0.4875
"12/26/2014",3.4075
"12/26/2015",-2.475
"12/26/2016",-3.445
"12/26/2017",5.49
"12/26/2018",1.6
"12/26/2019",-0.465
"12/26/2020",5.6575
"12/27/2011",-1.015
"12/27/2012",4.8325
"12/27/2013",3.495
"12/27/2014",1.1425
"12/27/2015",0.6225
"12/27/2016",4.05
"12/27/2017",0.475
"12/27/2018",1.12
"12/27/2019",-1.09
"12/27/2020",0.565
"12/28/2011",4.7325
"12/28/2012",4.1475
"12/28/2013",3.3025
"12/28/2014",0.7375
"12/28/2015",-1.19
"12/28/2016",4.005
"12/28/2017",3.1075
"12/28/2018",-1.66
"12/28/2019",2.7275
"12/28/2020",0.495
"12/29/2011",2.46
"12/29/2012",-1.88
"12/29/2013",1.105
"12/29/2014",-0.35
"12/29/2015",-2.835
"12/29/2016",-1.765
"12/29/2017",1.4575
"12/29/2018",3.3625
"12/29/2019",-2.755
"12/29/2020",4.8475
"12/3/2011",-1.4725
"12/3/2012",2.5325
"12/3/2013",-1.0425
"12/3/2014",2.19
"12/3/2015",5.3875
"12/3/2016",7.225
"12/3/2017",-1.1475
"12/3/2018",2.1325
"12/3/2019",4.0275
"12/3/2020",3.5975
"12/30/2011",-0.08
"12/30/2012",6.79
"12/30/2013",3.0975
"12/30/2014",-0.6625
"12/30/2015",-2.5075
"12/30/2016",4.63
"12/30/2017",-1.38
"12/30/2018",0.26
"12/30/2019",-1.8775
"12/30/2020",-0.485
"12/31/2011",0.9925
"12/31/2012",4.1425
"12/31/2013",1.2225
"12/31/2014",3.115
"12/31/2015",1.49
"12/31/2016",3.3575
"12/31/2017",4.845
"12/31/2018",-1.865
"12/31/2019",-0.1725
"12/31/2020",2.66
"12/4/2011",-1.2175
"12/4/2012",0.0125
"12/4/2013",-1.0325
"12/4/2014",3.7725
"12/4/2015",5.7325
"12/4/2016",4.61
"12/4/2017",-1.405
"12/4/2018",2.72
"12/4/2019",1.865
"12/4/2020",1.9125
"12/5/2011",1.59
"12/5/2012",4.73
"12/5/2013",-0.625
"12/5/2014",-2.6525
"12/5/2015",-0.7425
"12/5/2016",0.58
"12/5/2017",-0.36
"12/5/2018",1.185
"12/5/2019",4.585
"12/5/2020",2.85
"12/6/2011",0.8425
"12/6/2012",-0.2175
"12/6/2013",1.205
"12/6/2014",0.08
"12/6/2015",0.25
"12/6/2016",-2.82
"12/6/2017",4.5175
"12/6/2018",4.735
"12/6/2019",2.445
"12/6/2020",4.4525
"12/7/2011",0.695
"12/7/2012",-0.4275
"12/7/2013",0.31
"12/7/2014",-0.03
"12/7/2015",1.335
"12/7/2016",1.4625
"12/7/2017",4.415
"12/7/2018",4.86
"12/7/2019",2.5725
"12/7/2020",1.8025
"12/8/2011",5.4475
"12/8/2012",-0.205
"12/8/2013",-0.23
"12/8/2014",-4.915
"12/8/2015",0.9275
"12/8/2016",2.67
"12/8/2017",1.2625
"12/8/2018",0.225
"12/8/2019",-1.675
"12/8/2020",3.785
"12/9/2011",0.01
"12/9/2012",-2.275
"12/9/2013",-1.485
"12/9/2014",0.2125
"12/9/2015",-0.975
"12/9/2016",7.7875
"12/9/2017",-0.27
"12/9/2018",-1.7025
"12/9/2019",-0.3275
"12/9/2020",2.595
"2/1/2011",-2.1375
"2/1/2012",4.47
"2/1/2013",4.525
"2/1/2014",-2.1625
"2/1/2015",1.4625
"2/1/2016",1.655
"2/1/2017",1.2075
"2/1/2018",2.795
"2/1/2019",-2.4425
"2/1/2020",-0.3675
"2/10/2011",3.32
"2/10/2012",0.865
"2/10/2013",-0.0324999999999999
"2/10/2014",2.0525
"2/10/2015",-0.74
"2/10/2016",4.45
"2/10/2017",6.3375
"2/10/2018",-0.2625
"2/10/2019",-0.1875
"2/10/2020",1.4825
"2/11/2011",0.18
"2/11/2012",-0.3725
"2/11/2013",-0.4375
"2/11/2014",0.91
"2/11/2015",-0.025
"2/11/2016",7.1325
"2/11/2017",2.44
"2/11/2018",0.29
"2/11/2019",-1.09
"2/11/2020",1.7875
"2/12/2011",1.57
"2/12/2012",7.6
"2/12/2013",2.4125
"2/12/2014",-2.8375
"2/12/2015",0.3225
"2/12/2016",3.1725
"2/12/2017",-1.17
"2/12/2018",2.9075
"2/12/2019",-4.7725
"2/12/2020",1.9425
"2/13/2011",3.245
"2/13/2012",5.895
"2/13/2013",-2.48
"2/13/2014",-2.7875
"2/13/2015",6.7625
"2/13/2016",4.8125
"2/13/2017",6.7425
"2/13/2018",-2.075
"2/13/2019",2.8825
"2/13/2020",-0.3025
"2/14/2011",3
"2/14/2012",0.5925
"2/14/2013",1.6025
"2/14/2014",3.55
"2/14/2015",0.86
"2/14/2016",5.6025
"2/14/2017",0.85
"2/14/2018",1.4125
"2/14/2019",2.675
"2/14/2020",5.13
"2/15/2011",5.4075
"2/15/2012",2.385
"2/15/2013",0.315
"2/15/2014",-0.25
"2/15/2015",9.04
"2/15/2016",-2.085
"2/15/2017",2.02
"2/15/2018",1.31
"2/15/2019",0.32
"2/15/2020",-0.4525
"2/16/2011",-0.0575000000000001
"2/16/2012",-1.43
"2/16/2013",0.6175
"2/16/2014",3.9625
"2/16/2015",5.4175
"2/16/2016",0.87
"2/16/2017",4.855
"2/16/2018",1.3
"2/16/2019",1.9025
"2/16/2020",0.5425
"2/17/2011",2.12
"2/17/2012",2.065
"2/17/2013",4.9575
"2/17/2014",1.7725
"2/17/2015",-0.5025
"2/17/2016",3.1625
"2/17/2017",2.3575
"2/17/2018",1.3225
"2/17/2019",-1.5475
"2/17/2020",-0.8375
"2/18/2011",1.97
"2/18/2012",1.83
"2/18/2013",5.87
"2/18/2014",0.2
"2/18/2015",-0.6225
"2/18/2016",3.715
"2/18/2017",-0.29
"2/18/2018",1.29
"2/18/2019",1.2325
"2/18/2020",-1.855
"2/19/2011",7.19
"2/19/2012",-0.2225
"2/19/2013",-0.0899999999999999
"2/19/2014",-0.1075
"2/19/2015",7.54
"2/19/2016",-1.2475
"2/19/2017",3.305
"2/19/2018",-0.87
"2/19/2019",4.235
"2/19/2020",3.7
"2/2/2011",-1.7825
"2/2/2012",0.79
"2/2/2013",4.4475
"2/2/2014",-0.5775
"2/2/2015",0.4025
"2/2/2016",-1.4775
"2/2/2017",3.405
"2/2/2018",4.9775
"2/2/2019",-0.0825
"2/2/2020",1.3075
"2/20/2011",5.0575
"2/20/2012",0.4275
"2/20/2013",4.51
"2/20/2014",1.475
"2/20/2015",7.0625
"2/20/2016",2.54
"2/20/2017",2.995
"2/20/2018",3.8175
"2/20/2019",-3.485
"2/20/2020",1.515
"2/21/2011",-0.4
"2/21/2012",-1.0525
"2/21/2013",6.565
"2/21/2014",0.0725
"2/21/2015",1.9325
"2/21/2016",2.26
"2/21/2017",-3.73
"2/21/2018",5.135
"2/21/2019",0.315
"2/21/2020",0.35
"2/22/2011",-1.755
"2/22/2012",1.1775
"2/22/2013",0.0874999999999999
"2/22/2014",1.3275
"2/22/2015",1.465
"2/22/2016",-1.86
"2/22/2017",-0.5775
"2/22/2018",-2.6175
"2/22/2019",1.8025
"2/22/2020",4.22
"2/23/2011",-0.2025
"2/23/2012",2.8025
"2/23/2013",-0.74
"2/23/2014",2.075
"2/23/2015",1.605
"2/23/2016",-3.5675
"2/23/2017",0.67
"2/23/2018",-4.5975
"2/23/2019",-2.92
"2/23/2020",1.13
"2/24/2011",-0.0925
"2/24/2012",-3.995
"2/24/2013",1.3525
"2/24/2014",2.9025
"2/24/2015",0.3675
"2/24/2016",-1.985
"2/24/2017",0.6725
"2/24/2018",-0.31
"2/24/2019",-1.215
"2/24/2020",-0.7525
"2/25/2011",1.9975
"2/25/2012",6.4825
"2/25/2013",2.9975
"2/25/2014",3.4575
"2/25/2015",1.785
"2/25/2016",2.9825
"2/25/2017",-0.5575
"2/25/2018",-2.7275
"2/25/2019",8.0175
"2/25/2020",-0.165
"2/26/2011",3.005
"2/26/2012",6.775
"2/26/2013",-3.175
"2/26/2014",1.9725
"2/26/2015",-1.05
"2/26/2016",6.2275
"2/26/2017",5.0325
"2/26/2018",1.515
"2/26/2019",5.1775
"2/26/2020",-1.15
"2/27/2011",-0.3
"2/27/2012",1.3725
"2/27/2013",-0.3375
"2/27/2014",0.2725
"2/27/2015",0.47
"2/27/2016",4.16
"2/27/2017",0.875
"2/27/2018",1.03
"2/27/2019",-4.03
"2/27/2020",6.5475
"2/28/2011",-0.52
"2/28/2012",4.2375
"2/28/2013",2.6275
"2/28/2014",1.035
"2/28/2015",0.3625
"2/28/2016",2.835
"2/28/2017",-0.94
"2/28/2018",1.165
"2/28/2019",-0.035
"2/28/2020",3.975
"2/29/2012",-0.8925
"2/29/2016",3.2725
"2/29/2020",5.25
"2/3/2011",6.9075
"2/3/2012",3.485
"2/3/2013",0.365
"2/3/2014",-1.195
"2/3/2015",5.1475
"2/3/2016",-2.4275
"2/3/2017",2.925
"2/3/2018",3.6975
"2/3/2019",1.0675
"2/3/2020",0.6975
"2/4/2011",1.7575
"2/4/2012",-0.8975
"2/4/2013",3.05
"2/4/2014",-1.615
"2/4/2015",0.5175
"2/4/2016",1.53
"2/4/2017",4.9575
"2/4/2018",0.36
"2/4/2019",-1.2175
"2/4/2020",0.6325
"2/5/2011",-1.085
"2/5/2012",-1.2025
"2/5/2013",-1.375
"2/5/2014",-0.2175
"2/5/2015",4.15
"2/5/2016",4.4025
"2/5/2017",3.2025
"2/5/2018",3.4125
"2/5/2019",0.575
"2/5/2020",-0.23
"2/6/2011",3.245
"2/6/2012",3.095
"2/6/2013",0.875
"2/6/2014",3.405
"2/6/2015",3.915
"2/6/2016",2.33
"2/6/2017",2.705
"2/6/2018",0.0599999999999999
"2/6/2019",-2.755
"2/6/2020",-1.5825
"2/7/2011",-1.1925
"2/7/2012",3.7675
"2/7/2013",-1.3075
"2/7/2014",1.2475
"2/7/2015",1.1325
"2/7/2016",0.4825
"2/7/2017",1.8225
"2/7/2018",-2.445
"2/7/2019",-0.99
"2/7/2020",1.1025
"2/8/2011",2.42
"2/8/2012",-2.5225
"2/8/2013",-2.72
"2/8/2014",-1.2175
"2/8/2015",0.22
"2/8/2016",-0.2925
"2/8/2017",1.56
"2/8/2018",4.4675
"2/8/2019",0.895
"2/8/2020",5.14
"2/9/2011",4.5625
"2/9/2012",3.315
"2/9/2013",5.7525
"2/9/2014",-2.0325
"2/9/2015",-2.61
"2/9/2016",-0.9175
"2/9/2017",1.2525
"2/9/2018",-1.515
"2/9/2019",6.4775
"2/9/2020",1.7575
"3/1/2011",1.5575
"3/1/2012",1.9525
"3/1/2013",4.19
"3/1/2014",-1.97
"3/1/2015",0.155
"3/1/2016",0.6575
"3/1/2017",1.69
"3/1/2018",0.235
"3/1/2019",-5.2425
"3/1/2020",4.1025
"3/10/2011",-6.035
"3/10/2012",3.19
"3/10/2013",-0.5675
"3/10/2014",0.1975
"3/10/2015",-1.4825
"3/10/2016",3.6325
"3/10/2017",0.54
"3/10/2018",3.76
"3/10/2019",-0.985
"3/10/2020",4.9225
"3/11/2011",0.76
"3/11/2012",0.5175
"3/11/2013",-1.9275
"3/11/2014",1.1575
"3/11/2015",1.755
"3/11/2016",2.4325
"3/11/2017",5
"3/11/2018",-0.00749999999999998
"3/11/2019",4.15
"3/11/2020",1.95
"3/12/2011",3.005
"3/12/2012",1.7075
"3/12/2013",-2.28
"3/12/2014",-1.11
"3/12/2015",2.655
"3/12/2016",-3.5
"3/12/2017",3.465
"3/12/2018",-2.335
"3/12/2019",5.0075
"3/12/2020",-2.1775
"3/13/2011",2.06
"3/13/2012",2.0925
"3/13/2013",3.8175
"3/13/2014",9.5675
"3/13/2015",-3.5175
"3/13/2016",-1.7625
"3/13/2017",-3.2325
"3/13/2018",3.9475
"3/13/2019",0.27
"3/13/2020",0.14
"3/14/2011",2.3075
"3/14/2012",3.435
"3/14/2013",7.3725
"3/14/2014",3.8975
"3/14/2015",0.27
"3/14/2016",-3.16
"3/14/2017",-1.8525
"3/14/2018",5.3825
"3/14/2019",-1.085
"3/14/2020",4.5425
"3/15/2011",-4.065
"3/15/2012",0.7225
"3/15/2013",4.5775
"3/15/2014",2.4975
"3/15/2015",4.7875
"3/15/2016",-0.2725
"3/15/2017",8.275
"3/15/2018",3.75
"3/15/2019",0.3525
"3/15/2020",-1.41
"3/16/2011",-1.2775
"3/16/2012",-2.91
"3/16/2013",-0.055
"3/16/2014",-0.215
"3/16/2015",0.9925
"3/16/2016",-0.78
"3/16/2017",8.3475
"3/16/2018",3.625
"3/16/2019",5.975
"3/16/2020",-2.82
"3/17/2011",4.29
"3/17/2012",-0.775
"3/17/2013",-1.085
"3/17/2014",-2.6175
"3/17/2015",1.2825
"3/17/2016",1.07
"3/17/2017",4.865
"3/17/2018",3.4575
"3/17/2019",3.1825
"3/17/2020",-1.43
"3/18/2011",1.99
"3/18/2012",-2.0025
"3/18/2013",-4.145
"3/18/2014",-3.485
"3/18/2015",5.6725
"3/18/2016",3.775
"3/18/2017",-1.2225
"3/18/2018",1.95
"3/18/2019",-2.4375
"3/18/2020",-0.25
"3/19/2011",3.7525
"3/19/2012",-0.7425
"3/19/2013",1.51
"3/19/2014",-3.0575
"3/19/2015",1.3775
"3/19/2016",-0.14
"3/19/2017",-1.075
"3/19/2018",0.14
"3/19/2019",-0.3425
"3/19/2020",-0.855
"3/2/2011",3.1025
"3/2/2012",-0.9275
"3/2/2013",3.6075
"3/2/2014",-0.3025
"3/2/2015",2.98
"3/2/2016",3.4525
"3/2/2017",6.275
"3/2/2018",7.44
"3/2/2019",-0.4125
"3/2/2020",0.9225
"3/20/2011",-2.2275
"3/20/2012",-2.04
"3/20/2013",5.405
"3/20/2014",2.42
"3/20/2015",-3.2225
"3/20/2016",-2.4175
"3/20/2017",2.3675
"3/20/2018",-3.39
"3/20/2019",-1.2475
"3/20/2020",-0.395
"3/21/2011",-0.45
"3/21/2012",-2.1475
"3/21/2013",2.4375
"3/21/2014",3.3075
"3/21/2015",0.33
"3/21/2016",2.7475
"3/21/2017",-0.685
"3/21/2018",-0.75
"3/21/2019",-2.94
"3/21/2020",0.615
"3/22/2011",0.51
"3/22/2012",-0.8525
"3/22/2013",4.9975
"3/22/2014",0.1375
"3/22/2015",1.755
"3/22/2016",3.115
"3/22/2017",4.2075
"3/22/2018",3.31
"3/22/2019",6.2125
"3/22/2020",-2.1325
"3/23/2011",-2.435
"3/23/2012",-1.9875
"3/23/2013",3.35
"3/23/2014",0.9425
"3/23/2015",-0.885
"3/23/2016",2.705
"3/23/2017",-0.44
"3/23/2018",5.5375
"3/23/2019",7.305
"3/23/2020",-4.9625
"3/24/2011",-2.11
"3/24/2012",-3.5275
"3/24/2013",-0.5225
"3/24/2014",4.2725
"3/24/2015",-2.7475
"3/24/2016",1.825
"3/24/2017",1.5175
"3/24/2018",3.73
"3/24/2019",4.115
"3/24/2020",2.64
"3/25/2011",1.6775
"3/25/2012",-1.3375
"3/25/2013",-0.0324999999999999
"3/25/2014",-2.17
"3/25/2015",-2.6425
"3/25/2016",0.9525
"3/25/2017",4.4275
"3/25/2018",-0.945
"3/25/2019",-1.6325
"3/25/2020",-2.69
"3/26/2011",0.6325
"3/26/2012",2.3475
"3/26/2013",2.6375
"3/26/2014",4.4375
"3/26/2015",0.745
"3/26/2016",0.2375
"3/26/2017",-5.81
"3/26/2018",-5.2125
"3/26/2019",-1.8675
"3/26/2020",0.01
"3/27/2011",-1.6125
"3/27/2012",1.2875
"3/27/2013",5.5925
"3/27/2014",1.78
"3/27/2015",1.17
"3/27/2016",-2.995
"3/27/2017",-2.365
"3/27/2018",-2.7975
"3/27/2019",-2.9575
"3/27/2020",0.0825
"3/28/2011",1.5725
"3/28/2012",1.02
"3/28/2013",5.9925
"3/28/2014",2.0775
"3/28/2015",4.715
"3/28/2016",0.3025
"3/28/2017",0.02
"3/28/2018",0.45
"3/28/2019",-1.2725
"3/28/2020",-2.3075
"3/29/2011",2.9675
"3/29/2012",2.55
"3/29/2013",4.785
"3/29/2014",0.47
"3/29/2015",5.225
"3/29/2016",6.74
"3/29/2017",-0.205
"3/29/2018",-2.635
"3/29/2019",0.58
"3/29/2020",-1.5725
"3/3/2011",0.975
"3/3/2012",2.115
"3/3/2013",3.8075
"3/3/2014",0.45
"3/3/2015",0.1625
"3/3/2016",1.9025
"3/3/2017",6.9525
"3/3/2018",6.285
"3/3/2019",-0.13
"3/3/2020",0.7225
"3/30/2011",-1.645
"3/30/2012",-1.775
"3/30/2013",1.01
"3/30/2014",3.215
"3/30/2015",1.9025
"3/30/2016",-0.785
"3/30/2017",-3.8125
"3/30/2018",1.9025
"3/30/2019",-1.215
"3/30/2020",-0.9775
"3/31/2011",-1.7425
"3/31/2012",-1.7175
"3/31/2013",-0.87
"3/31/2014",4.0075
"3/31/2015",3.56
"3/31/2016",1.3375
"3/31/2017",-2.8475
"3/31/2018",2.375
"3/31/2019",2.06
"3/31/2020",-1.005
"3/4/2011",-1.9
"3/4/2012",2.48
"3/4/2013",5.2025
"3/4/2014",-1.105
"3/4/2015",1.2125
"3/4/2016",-1.615
"3/4/2017",6.5
"3/4/2018",3.1125
"3/4/2019",2.4025
"3/4/2020",3.6575
"3/5/2011",-2.035
"3/5/2012",3.1475
"3/5/2013",1.7875
"3/5/2014",-1.565
"3/5/2015",0.705
"3/5/2016",-0.2475
"3/5/2017",0.115
"3/5/2018",3.36
"3/5/2019",2.77
"3/5/2020",1.1425
"3/6/2011",-1.8525
"3/6/2012",3.415
"3/6/2013",-2.6925
"3/6/2014",-3.0625
"3/6/2015",1.8075
"3/6/2016",-1.23
"3/6/2017",-0.2325
"3/6/2018",-1.7125
"3/6/2019",5.9775
"3/6/2020",-0.765
"3/7/2011",5.235
"3/7/2012",2.5275
"3/7/2013",2.435
"3/7/2014",-3.7275
"3/7/2015",2.28
"3/7/2016",1.6375
"3/7/2017",0.305
"3/7/2018",-1.4725
"3/7/2019",3.68
"3/7/2020",3.2975
"3/8/2011",-2.48
"3/8/2012",4.9175
"3/8/2013",4.53
"3/8/2014",0.9825
"3/8/2015",5.185
"3/8/2016",4.13
"3/8/2017",4.4125
"3/8/2018",3.4175
"3/8/2019",-2.205
"3/8/2020",4.4725
"3/9/2011",-4.9525
"3/9/2012",5.3425
"3/9/2013",1.6575
"3/9/2014",2.01
"3/9/2015",-0.4675
"3/9/2016",1.63
"3/9/2017",7.12
"3/9/2018",5.065
"3/9/2019",-1.36
"3/9/2020",4.295
"4/1/2011",1.5725
"4/1/2012",-1.255
"4/1/2013",3.005
"4/1/2014",-0.615
"4/1/2015",2.515
"4/1/2016",1.2475
"4/1/2017",2.5175
"4/1/2018",1.0375
"4/1/2019",6.345
"4/1/2020",-1.19
"4/10/2011",0.1575
"4/10/2012",3.8775
"4/10/2013",2.1
"4/10/2014",1.805
"4/10/2015",-2.54
"4/10/2016",4.225
"4/10/2017",1.095
"4/10/2018",2.315
"4/10/2019",3.0675
"4/10/2020",7.9925
"4/11/2011",0.9475
"4/11/2012",3.95
"4/11/2013",-1.225
"4/11/2014",1.81
"4/11/2015",4.16
"4/11/2016",1.4475
"4/11/2017",2.115
"4/11/2018",-0.1225
"4/11/2019",-4.075
"4/11/2020",4.37
"4/12/2011",-1.1125
"4/12/2012",5.0675
"4/12/2013",-3.4875
"4/12/2014",-0.1125
"4/12/2015",0.645
"4/12/2016",3.4425
"4/12/2017",1.8375
"4/12/2018",1.49
"4/12/2019",-3.705
"4/12/2020",-0.5575
"4/13/2011",-1.175
"4/13/2012",1.2575
"4/13/2013",-0.2225
"4/13/2014",-0.2225
"4/13/2015",-0.41
"4/13/2016",-2.1175
"4/13/2017",0.075
"4/13/2018",2.3525
"4/13/2019",0.1775
"4/13/2020",-2.175
"4/14/2011",3.0075
"4/14/2012",1.9
"4/14/2013",0.45
"4/14/2014",1.3675
"4/14/2015",-0.5675
"4/14/2016",-1.655
"4/14/2017",-3.265
"4/14/2018",2.9525
"4/14/2019",-0.675
"4/14/2020",4.5725
"4/15/2011",-3.17
"4/15/2012",1.6025
"4/15/2013",-3.63
"4/15/2014",0.6475
"4/15/2015",-0.9325
"4/15/2016",-2.0675
"4/15/2017",-1.925
"4/15/2018",-2.8575
"4/15/2019",4.17
"4/15/2020",2.715
"4/16/2011",-7.3775
"4/16/2012",1.48
"4/16/2013",-2.0275
"4/16/2014",1.9825
"4/16/2015",-2.445
"4/16/2016",-0.3025
"4/16/2017",2.835
"4/16/2018",-1.8725
"4/16/2019",5.94
"4/16/2020",4.4725
"4/17/2011",3.4475
"4/17/2012",3.02
"4/17/2013",-0.2875
"4/17/2014",-5.1675
"4/17/2015",0.4525
"4/17/2016",-2.0825
"4/17/2017",4.1925
"4/17/2018",4.2075
"4/17/2019",-0.59
"4/17/2020",0.1825
"4/18/2011",0.8625
"4/18/2012",-0.255
"4/18/2013",-3.48
"4/18/2014",-3.6225
"4/18/2015",-0.1325
"4/18/2016",1.98
"4/18/2017",-2.34
"4/18/2018",2.365
"4/18/2019",-2.6225
"4/18/2020",0.655
"4/19/2011",0.79
"4/19/2012",-0.5575
"4/19/2013",-1.94
"4/19/2014",-0.51
"4/19/2015",-5.03
"4/19/2016",2.21
"4/19/2017",-2.8075
"4/19/2018",0.325
"4/19/2019",-1.6575
"4/19/2020",2.5275
"4/2/2011",2.9575
"4/2/2012",1.0725
"4/2/2013",4.76
"4/2/2014",-1.0625
"4/2/2015",1.655
"4/2/2016",0.5325
"4/2/2017",3.19
"4/2/2018",-2.455
"4/2/2019",-2.3025
"4/2/2020",4.6725
"4/20/2011",-0.9975
"4/20/2012",-0.13
"4/20/2013",3.2175
"4/20/2014",-5.27
"4/20/2015",-3.855
"4/20/2016",-1.71
"4/20/2017",1.4975
"4/20/2018",5.3725
"4/20/2019",-2.4475
"4/20/2020",-0.7425
"4/21/2011",5.015
"4/21/2012",-0.2625
"4/21/2013",-0.68
"4/21/2014",-3.695
"4/21/2015",3.0975
"4/21/2016",1.2075
"4/21/2017",-1.3625
"4/21/2018",-0.065
"4/21/2019",1.5175
"4/21/2020",1.5475
"4/22/2011",-4.2275
"4/22/2012",0.595
"4/22/2013",-5.35
"4/22/2014",-0.2675
"4/22/2015",2.22
"4/22/2016",1.4675
"4/22/2017",-1.9775
"4/22/2018",-1.475
"4/22/2019",2.5975
"4/22/2020",4.9625
"4/23/2011",-2.1
"4/23/2012",4.84
"4/23/2013",-3.61
"4/23/2014",4.3775
"4/23/2015",4.43
"4/23/2016",0.5825
"4/23/2017",-2.1325
"4/23/2018",-3.0225
"4/23/2019",1.855
"4/23/2020",-1.1125
"4/24/2011",1.325
"4/24/2012",3.0475
"4/24/2013",-1.335
"4/24/2014",3.8475
"4/24/2015",4.29
"4/24/2016",-1.11
"4/24/2017",-3.8775
"4/24/2018",-6.04
"4/24/2019",1.66
"4/24/2020",-1.995
"4/25/2011",-0.9675
"4/25/2012",1.7475
"4/25/2013",2.4375
"4/25/2014",-2.875
"4/25/2015",1.2275
"4/25/2016",-0.1575
"4/25/2017",-5.1
"4/25/2018",-3.2
"4/25/2019",-1.57
"4/25/2020",-1.35
"4/26/2011",1.0425
"4/26/2012",-0.42
"4/26/2013",0.2225
"4/26/2014",1.2525
"4/26/2015",0.0625
"4/26/2016",2.2675
"4/26/2017",0.225
"4/26/2018",2.8875
"4/26/2019",-1.8875
"4/26/2020",-2.4325
"4/27/2011",-0.67
"4/27/2012",3.84
"4/27/2013",-3.26
"4/27/2014",2.145
"4/27/2015",1.035
"4/27/2016",0.1175
"4/27/2017",-2.135
"4/27/2018",-1.8975
"4/27/2019",6.155
"4/27/2020",1.795
"4/28/2011",-0.175
"4/28/2012",1.2875
"4/28/2013",-0.6325
"4/28/2014",-3.3975
"4/28/2015",4.0575
"4/28/2016",-2.6075
"4/28/2017",1.2725
"4/28/2018",-0.6175
"4/28/2019",1.9475
"4/28/2020",0.6225
"4/29/2011",3.8075
"4/29/2012",-0.36
"4/29/2013",-3.215
"4/29/2014",-5.125
"4/29/2015",2.23
"4/29/2016",-2.73
"4/29/2017",1.3725
"4/29/2018",3.825
"4/29/2019",-2.2375
"4/29/2020",-3.4625
"4/3/2011",4.7525
"4/3/2012",1.46
"4/3/2013",5.095
"4/3/2014",-1.175
"4/3/2015",2.22
"4/3/2016",5.9925
"4/3/2017",1.13
"4/3/2018",-2.12
"4/3/2019",3.6375
"4/3/2020",4.7225
"4/30/2011",2.145
"4/30/2012",-2.8775
"4/30/2013",-5.215
"4/30/2014",-5.9575
"4/30/2015",-0.17
"4/30/2016",-2.6225
"4/30/2017",-0.2625
"4/30/2018",5.985
"4/30/2019",1.235
"4/30/2020",-3.975
"4/4/2011",-0.165
"4/4/2012",1.475
"4/4/2013",0.0225
"4/4/2014",-3.085
"4/4/2015",5.8075
"4/4/2016",2.3825
"4/4/2017",1.5775
"4/4/2018",1.18
"4/4/2019",1.845
"4/4/2020",-0.2125
"4/5/2011",4.5175
"4/5/2012",-0.085
"4/5/2013",-0.00749999999999993
"4/5/2014",1.4975
"4/5/2015",5.5025
"4/5/2016",0.1725
"4/5/2017",1.7725
"4/5/2018",6.1525
"4/5/2019",-4.885
"4/5/2020",0.39
"4/6/2011",4.075
"4/6/2012",-1.0675
"4/6/2013",1.6025
"4/6/2014",1.03
"4/6/2015",3.5625
"4/6/2016",0.675
"4/6/2017",-2.175
"4/6/2018",-0.1575
"4/6/2019",-1.5475
"4/6/2020",0.855
"4/7/2011",-0.34
"4/7/2012",2.325
"4/7/2013",-0.4975
"4/7/2014",-2.755
"4/7/2015",2.035
"4/7/2016",-0.1325
"4/7/2017",5.6375
"4/7/2018",1.38
"4/7/2019",1.1075
"4/7/2020",0.415
"4/8/2011",-4.6275
"4/8/2012",4.2375
"4/8/2013",1.16
"4/8/2014",1.9825
"4/8/2015",-3.8925
"4/8/2016",4.2575
"4/8/2017",5.6975
"4/8/2018",1.34
"4/8/2019",1.5575
"4/8/2020",1.65
"4/9/2011",-2.51
"4/9/2012",5.5775
"4/9/2013",1.915
"4/9/2014",2.4575
"4/9/2015",-3.1925
"4/9/2016",1.55
"4/9/2017",1.8275
"4/9/2018",-1.3125
"4/9/2019",1.64
"4/9/2020",1.755
"5/1/2011",-0.225
"5/1/2012",0.745
"5/1/2013",-4.8075
"5/1/2014",-0.4525
"5/1/2015",-1.9175
"5/1/2016",-3.1475
"5/1/2017",0.1925
"5/1/2018",5.1075
"5/1/2019",-5.245
"5/1/2020",2.255
"5/10/2011",-0.76
"5/10/2012",4.405
"5/10/2013",0.535
"5/10/2014",1.55
"5/10/2015",-0.1075
"5/10/2016",-1.48
"5/10/2017",0.2975
"5/10/2018",0.37
"5/10/2019",0.12
"5/10/2020",5.58
"5/11/2011",-1.3275
"5/11/2012",4.48
"5/11/2013",0.3375
"5/11/2014",2.9725
"5/11/2015",-1.7575
"5/11/2016",-2.29
"5/11/2017",-3.8775
"5/11/2018",2.02
"5/11/2019",-0.185
"5/11/2020",3.1025
"5/12/2011",-1.05
"5/12/2012",3.05
"5/12/2013",2.5875
"5/12/2014",0.2975
"5/12/2015",1.945
"5/12/2016",0.49
"5/12/2017",-4.245
"5/12/2018",-2.0425
"5/12/2019",-2.7325
"5/12/2020",7.2975
"5/13/2011",-1.4875
"5/13/2012",1.0825
"5/13/2013",5.08
"5/13/2014",0.3575
"5/13/2015",5.67
"5/13/2016",-0.065
"5/13/2017",-2.355
"5/13/2018",-2.1625
"5/13/2019",-2.1
"5/13/2020",4.3125
"5/14/2011",-1.4425
"5/14/2012",1.3775
"5/14/2013",1.755
"5/14/2014",-3.9475
"5/14/2015",2.1925
"5/14/2016",2.1825
"5/14/2017",2.385
"5/14/2018",-1.5975
"5/14/2019",2.185
"5/14/2020",0.95
"5/15/2011",-1.0825
"5/15/2012",-1.01
"5/15/2013",-2.6025
"5/15/2014",-3.4975
"5/15/2015",0.405
"5/15/2016",6.2925
"5/15/2017",4.765
"5/15/2018",2.3025
"5/15/2019",4.3225
"5/15/2020",1.21
"5/16/2011",0.2375
"5/16/2012",1.3875
"5/16/2013",2.585
"5/16/2014",-0.75
"5/16/2015",0.6575
"5/16/2016",4.3725
"5/16/2017",2.2525
"5/16/2018",-1.515
"5/16/2019",2.9875
"5/16/2020",1.1825
"5/17/2011",-4.575
"5/17/2012",-0.9075
"5/17/2013",1.56
"5/17/2014",2.9575
"5/17/2015",2.5675
"5/17/2016",1.455
"5/17/2017",0.9175
"5/17/2018",-2.7925
"5/17/2019",1.4075
"5/17/2020",-4.51
"5/18/2011",-4.27
"5/18/2012",-3.03
"5/18/2013",-2.86
"5/18/2014",2.2775
"5/18/2015",1.5475
"5/18/2016",-1.0725
"5/18/2017",1.925
"5/18/2018",-6.1075
"5/18/2019",1.4175
"5/18/2020",-4.3725
"5/19/2011",0.3175
"5/19/2012",-3.075
"5/19/2013",-3.3775
"5/19/2014",1.69
"5/19/2015",-0.7875
"5/19/2016",-0.44
"5/19/2017",2.8475
"5/19/2018",-5.615
"5/19/2019",-1.6225
"5/19/2020",-6.25
"5/2/2011",-1.11
"5/2/2012",-1.375
"5/2/2013",-4.4325
"5/2/2014",2.02
"5/2/2015",-0.6825
"5/2/2016",-1.905
"5/2/2017",3.655
"5/2/2018",3.2275
"5/2/2019",-0.5575
"5/2/2020",3.615
"5/20/2011",2.6475
"5/20/2012",-3.4625
"5/20/2013",-1.3175
"5/20/2014",2.8125
"5/20/2015",3.4975
"5/20/2016",-0.57
"5/20/2017",-2.985
"5/20/2018",2.4025
"5/20/2019",2.385
"5/20/2020",-9.13
"5/21/2011",2.28
"5/21/2012",-5.4725
"5/21/2013",-0.205
"5/21/2014",-1.865
"5/21/2015",-2.6425
"5/21/2016",-3.515
"5/21/2017",-4.3525
"5/21/2018",-1.7575
"5/21/2019",3.155
"5/21/2020",-6.175
"5/22/2011",-1.17
"5/22/2012",-1.855
"5/22/2013",0.295
"5/22/2014",0.135
"5/22/2015",4.6175
"5/22/2016",0.4725
"5/22/2017",-2.2725
"5/22/2018",-0.8525
"5/22/2019",-1.1875
"5/22/2020",-4.0575
"5/23/2011",-1.6775
"5/23/2012",-0.82
"5/23/2013",-0.4
"5/23/2014",3.13
"5/23/2015",3.6575
"5/23/2016",-0.11
"5/23/2017",-0.93
"5/23/2018",2.5425
"5/23/2019",0.785
"5/23/2020",0.61
"5/24/2011",1.8675
"5/24/2012",-2.2425
"5/24/2013",2.97
"5/24/2014",3.9125
"5/24/2015",0.085
"5/24/2016",3.3175
"5/24/2017",-2.395
"5/24/2018",1.2525
"5/24/2019",4.4375
"5/24/2020",-2.935
"5/25/2011",1.4575
"5/25/2012",-1.7575
"5/25/2013",7.3125
"5/25/2014",1.26
"5/25/2015",2.1225
"5/25/2016",3.97
"5/25/2017",-2.4875
"5/25/2018",1.57
"5/25/2019",-2.12
"5/25/2020",-2.0175
"5/26/2011",-0.59
"5/26/2012",0.205
"5/26/2013",6.6175
"5/26/2014",2.2625
"5/26/2015",2.275
"5/26/2016",1.6775
"5/26/2017",4.2325
"5/26/2018",1.395
"5/26/2019",0.9825
"5/26/2020",-1.73
"5/27/2011",-0.2625
"5/27/2012",0.335
"5/27/2013",0.53
"5/27/2014",2.825
"5/27/2015",1.5025
"5/27/2016",0.6575
"5/27/2017",0.7625
"5/27/2018",0.955
"5/27/2019",0.8775
"5/27/2020",-1.585
"5/28/2011",0.115
"5/28/2012",0.2825
"5/28/2013",-0.85
"5/28/2014",2.7475
"5/28/2015",-0.67
"5/28/2016",0.0975
"5/28/2017",-2.53
"5/28/2018",-3.39
"5/28/2019",0.4925
"5/28/2020",-2.8725
"5/29/2011",0.00249999999999999
"5/29/2012",0.705
"5/29/2013",1.735
"5/29/2014",-4.96
"5/29/2015",-2.055
"5/29/2016",-0.225
"5/29/2017",-1.1925
"5/29/2018",-0.2325
"5/29/2019",2.16
"5/29/2020",-0.4475
"5/3/2011",0.5775
"5/3/2012",-1.855
"5/3/2013",-4.785
"5/3/2014",-1.1725
"5/3/2015",2.07
"5/3/2016",-0.00249999999999998
"5/3/2017",4.8375
"5/3/2018",3.765
"5/3/2019",-2.0925
"5/3/2020",0.975
"5/30/2011",1.665
"5/30/2012",-0.2
"5/30/2013",1.3
"5/30/2014",-1.49
"5/30/2015",0.24
"5/30/2016",-0.575
"5/30/2017",-3.1925
"5/30/2018",-1.6825
"5/30/2019",1.9975
"5/30/2020",1.9675
"5/31/2011",0.355
"5/31/2012",0.61
"5/31/2013",1.0525
"5/31/2014",0.0525
"5/31/2015",0.6675
"5/31/2016",-0.59
"5/31/2017",-1.8725
"5/31/2018",-3.545
"5/31/2019",2.0275
"5/31/2020",2.5875
"5/4/2011",3.0975
"5/4/2012",-1.4025
"5/4/2013",-4.5
"5/4/2014",1.865
"5/4/2015",2.5375
"5/4/2016",-2.6075
"5/4/2017",-2.64
"5/4/2018",2.0275
"5/4/2019",-1.3475
"5/4/2020",4.0875
"5/5/2011",6.8525
"5/5/2012",-0.85
"5/5/2013",-5.275
"5/5/2014",1.8375
"5/5/2015",2.05
"5/5/2016",-2.84
"5/5/2017",-5.24
"5/5/2018",0.4475
"5/5/2019",-2.3
"5/5/2020",1.6325
"5/6/2011",2.52
"5/6/2012",-3.285
"5/6/2013",-4.7925
"5/6/2014",1.43
"5/6/2015",0.8175
"5/6/2016",-0.56
"5/6/2017",2.0675
"5/6/2018",-1.4875
"5/6/2019",-0.75
"5/6/2020",-0.8575
"5/7/2011",2.05
"5/7/2012",-1.7325
"5/7/2013",-6.7025
"5/7/2014",-2.9075
"5/7/2015",-2.565
"5/7/2016",1.15
"5/7/2017",4.7475
"5/7/2018",-1.0225
"5/7/2019",1.13
"5/7/2020",3.12
"5/8/2011",1.41
"5/8/2012",-1.065
"5/8/2013",-2.9875
"5/8/2014",-2.845
"5/8/2015",-0.9575
"5/8/2016",1.7825
"5/8/2017",4.4875
"5/8/2018",-2.525
"5/8/2019",-0.5775
"5/8/2020",2.1575
"5/9/2011",-0.565
"5/9/2012",1.1425
"5/9/2013",0.775
"5/9/2014",-3.4425
"5/9/2015",-1.3425
"5/9/2016",2.615
"5/9/2017",1.545
"5/9/2018",-2.55
"5/9/2019",-4.0425
"5/9/2020",6.74
"6/1/2011",1.2825
"6/1/2012",-2.96
"6/1/2013",1.19
"6/1/2014",-2.4
"6/1/2015",0.18
"6/1/2016",-0.44
"6/1/2017",3.2875
"6/1/2018",0.0525
"6/1/2019",0.1075
"6/1/2020",1.9125
"6/10/2011",0.4325
"6/10/2012",1.77
"6/10/2013",-2.375
"6/10/2014",-1.16
"6/10/2015",2.0775
"6/10/2016",3.425
"6/10/2017",2.3825
"6/10/2018",-1.605
"6/10/2019",-3.69
"6/10/2020",-0.4525
"6/11/2011",-0.89
"6/11/2012",0.2075
"6/11/2013",2.48
"6/11/2014",-3.3
"6/11/2015",0.7675
"6/11/2016",1.075
"6/11/2017",2.29
"6/11/2018",-3.575
"6/11/2019",3.695
"6/11/2020",0.8625
"6/12/2011",0.4175
"6/12/2012",-0.895
"6/12/2013",3.4025
"6/12/2014",-3.6225
"6/12/2015",1.055
"6/12/2016",5.285
"6/12/2017",2.64
"6/12/2018",-2.8775
"6/12/2019",-2.34
"6/12/2020",2.7225
"6/13/2011",1.035
"6/13/2012",1.2375
"6/13/2013",-0.0650000000000001
"6/13/2014",-0.59
"6/13/2015",2.715
"6/13/2016",3.345
"6/13/2017",2.3575
"6/13/2018",1.6325
"6/13/2019",-2.8175
"6/13/2020",0.5775
"6/14/2011",2.73
"6/14/2012",-2.3475
"6/14/2013",2.425
"6/14/2014",2.39
"6/14/2015",-0.7175
"6/14/2016",0.0025
"6/14/2017",0.8225
"6/14/2018",2.8675
"6/14/2019",4.3725
"6/14/2020",-3.73
"6/15/2011",1.29
"6/15/2012",-3.06
"6/15/2013",2.9575
"6/15/2014",-0.2075
"6/15/2015",2.075
"6/15/2016",-0.145
"6/15/2017",-2.6625
"6/15/2018",3.285
"6/15/2019",2.8375
"6/15/2020",-4.9225
"6/16/2011",0.7025
"6/16/2012",-3.32
"6/16/2013",0.67
"6/16/2014",0.0300000000000001
"6/16/2015",3.1
"6/16/2016",-0.9175
"6/16/2017",-1.9425
"6/16/2018",-0.03
"6/16/2019",2.385
"6/16/2020",-5.3675
"6/17/2011",-0.235
"6/17/2012",-2.96
"6/17/2013",2.215
"6/17/2014",2.1225
"6/17/2015",0.705
"6/17/2016",-3.54
"6/17/2017",0.665
"6/17/2018",0.05
"6/17/2019",1.335
"6/17/2020",-5.3575
"6/18/2011",1.2325
"6/18/2012",-1.9975
"6/18/2013",-0.72
"6/18/2014",3.2925
"6/18/2015",0.3
"6/18/2016",-2.39
"6/18/2017",1.2975
"6/18/2018",0.1075
"6/18/2019",0.1875
"6/18/2020",-5.605
"6/19/2011",-0.83
"6/19/2012",-1.1625
"6/19/2013",-2.1875
"6/19/2014",1.2025
"6/19/2015",2.205
"6/19/2016",3.6675
"6/19/2017",2.475
"6/19/2018",1.965
"6/19/2019",0.055
"6/19/2020",-0.92
"6/2/2011",5.485
"6/2/2012",1.98
"6/2/2013",1.3725
"6/2/2014",0.6175
"6/2/2015",-1.3
"6/2/2016",-2.14
"6/2/2017",2.4925
"6/2/2018",0.0375
"6/2/2019",0.7625
"6/2/2020",2.45
"6/20/2011",-1.015
"6/20/2012",1.27
"6/20/2013",-1.125
"6/20/2014",-0.33
"6/20/2015",1.475
"6/20/2016",3.89
"6/20/2017",2.975
"6/20/2018",-0.5575
"6/20/2019",1.7125
"6/20/2020",-0.645
"6/21/2011",0.3775
"6/21/2012",1.7425
"6/21/2013",-0.5525
"6/21/2014",-2.65
"6/21/2015",1.9825
"6/21/2016",3.4725
"6/21/2017",2.595
"6/21/2018",0.5725
"6/21/2019",4.5375
"6/21/2020",-1.18
"6/22/2011",-0.705
"6/22/2012",1.7525
"6/22/2013",-0.3325
"6/22/2014",-2.09
"6/22/2015",2.78
"6/22/2016",2.7575
"6/22/2017",1.455
"6/22/2018",-4.1775
"6/22/2019",2.98
"6/22/2020",-0.3575
"6/23/2011",1.76
"6/23/2012",0.9475
"6/23/2013",-1.3525
"6/23/2014",-1.2575
"6/23/2015",2.65
"6/23/2016",1.745
"6/23/2017",2.945
"6/23/2018",-1.745
"6/23/2019",0.54
"6/23/2020",-0.1925
"6/24/2011",1.9975
"6/24/2012",0.9675
"6/24/2013",1.7425
"6/24/2014",0.0875
"6/24/2015",2.75
"6/24/2016",-0.08
"6/24/2017",3.825
"6/24/2018",1.0575
"6/24/2019",1.1975
"6/24/2020",2.03
"6/25/2011",2.105
"6/25/2012",1.4525
"6/25/2013",2.215
"6/25/2014",-0.53
"6/25/2015",0.8825
"6/25/2016",-3.6475
"6/25/2017",3.145
"6/25/2018",1.7325
"6/25/2019",1.555
"6/25/2020",0.815
"6/26/2011",2.36
"6/26/2012",3.3225
"6/26/2013",0.6975
"6/26/2014",1.8125
"6/26/2015",-1.37
"6/26/2016",-1.195
"6/26/2017",4.38
"6/26/2018",-3.5225
"6/26/2019",3.98
"6/26/2020",2.5775
"6/27/2011",-0.2375
"6/27/2012",4.0325
"6/27/2013",0.41
"6/27/2014",-0.8225
"6/27/2015",-4.1525
"6/27/2016",0.125
"6/27/2017",2.2425
"6/27/2018",-0.2025
"6/27/2019",2.1275
"6/27/2020",2.86
"6/28/2011",0.1975
"6/28/2012",2.9
"6/28/2013",1.635
"6/28/2014",-3.0375
"6/28/2015",0.8625
"6/28/2016",-0.5475
"6/28/2017",1.5875
"6/28/2018",1.015
"6/28/2019",2.235
"6/28/2020",1.54
"6/29/2011",3.005
"6/29/2012",1.435
"6/29/2013",0.7275
"6/29/2014",-0.115
"6/29/2015",3.2675
"6/29/2016",1.7925
"6/29/2017",2
"6/29/2018",1.5925
"6/29/2019",2.665
"6/29/2020",2.3675
"6/3/2011",2.0575
"6/3/2012",3.5875
"6/3/2013",-0.1825
"6/3/2014",0.9175
"6/3/2015",-3.855
"6/3/2016",-1.745
"6/3/2017",3.5025
"6/3/2018",-3.5625
"6/3/2019",2.605
"6/3/2020",2.625
"6/30/2011",1.2975
"6/30/2012",1.7575
"6/30/2013",-0.9325
"6/30/2014",0.855
"6/30/2015",-0.53
"6/30/2016",1.83
"6/30/2017",2.4175
"6/30/2018",2.3425
"6/30/2019",3.625
"6/30/2020",0.94
"6/4/2011",0.2675
"6/4/2012",3.1625
"6/4/2013",0.9725
"6/4/2014",0.7425
"6/4/2015",-4.345
"6/4/2016",-0.7725
"6/4/2017",0.33
"6/4/2018",-0.215
"6/4/2019",2.5225
"6/4/2020",1.4575
"6/5/2011",-2.0525
"6/5/2012",-1.4975
"6/5/2013",-1.2375
"6/5/2014",0.2925
"6/5/2015",-1.9375
"6/5/2016",0.44
"6/5/2017",1.2925
"6/5/2018",3.09
"6/5/2019",2.395
"6/5/2020",-1.2725
"6/6/2011",-1.1125
"6/6/2012",-0.1675
"6/6/2013",-2.2725
"6/6/2014",2.3325
"6/6/2015",0.4025
"6/6/2016",3.055
"6/6/2017",1.545
"6/6/2018",1.51
"6/6/2019",1.385
"6/6/2020",1.705
"6/7/2011",0.8775
"6/7/2012",1.9675
"6/7/2013",-1.665
"6/7/2014",-0.235
"6/7/2015",-1.39
"6/7/2016",1.755
"6/7/2017",-1.5775
"6/7/2018",-0.67
"6/7/2019",-1.99
"6/7/2020",2.0625
"6/8/2011",1.87
"6/8/2012",2.06
"6/8/2013",2.725
"6/8/2014",-1.12
"6/8/2015",0.00750000000000001
"6/8/2016",4.4075
"6/8/2017",-2.5575
"6/8/2018",0.505
"6/8/2019",-4.595
"6/8/2020",-0.1525
"6/9/2011",1.555
"6/9/2012",3.3375
"6/9/2013",-2.115
"6/9/2014",-0.4275
"6/9/2015",1.8925
"6/9/2016",4.0525
"6/9/2017",2.24
"6/9/2018",-0.5175
"6/9/2019",-7.5875
"6/9/2020",-1.195
"7/1/2011",1.005
"7/1/2012",1.24
"7/1/2013",-0.83
"7/1/2014",-0.0775
"7/1/2015",1.2975
"7/1/2016",-0.5475
"7/1/2017",2.215
"7/1/2018",0.6925
"7/1/2019",0.1825
"7/1/2020",-1.19
"7/10/2011",-0.595
"7/10/2012",-1.97
"7/10/2013",0.965
"7/10/2014",-0.985
"7/10/2015",3.2125
"7/10/2016",3.7875
"7/10/2017",0.095
"7/10/2018",2.29
"7/10/2019",1.0875
"7/10/2020",-1.7025
"7/11/2011",1.485
"7/11/2012",-1.92
"7/11/2013",0.86
"7/11/2014",-0.985
"7/11/2015",-0.405
"7/11/2016",0.71
"7/11/2017",2.315
"7/11/2018",1.1925
"7/11/2019",-0.135
"7/11/2020",0.3775
"7/12/2011",2.23
"7/12/2012",-2.53
"7/12/2013",-1.3225
"7/12/2014",-0.1775
"7/12/2015",0.1525
"7/12/2016",-0.95
"7/12/2017",2.7375
"7/12/2018",-2.505
"7/12/2019",2.1775
"7/12/2020",2.1625
"7/13/2011",2.09
"7/13/2012",-0.765
"7/13/2013",-0.8
"7/13/2014",0.58
"7/13/2015",0.38
"7/13/2016",-0.8075
"7/13/2017",2.6775
"7/13/2018",-3.51
"7/13/2019",1.5475
"7/13/2020",1.0875
"7/14/2011",-1.285
"7/14/2012",-1.2125
"7/14/2013",-2.32
"7/14/2014",-0.0875
"7/14/2015",-0.155
"7/14/2016",0.0750000000000001
"7/14/2017",1.855
"7/14/2018",1.2
"7/14/2019",3.3925
"7/14/2020",0.6475
"7/15/2011",0.785
"7/15/2012",1.44
"7/15/2013",0.895
"7/15/2014",-0.465
"7/15/2015",1.2375
"7/15/2016",2.7825
"7/15/2017",2.12
"7/15/2018",0.9775
"7/15/2019",0.74
"7/15/2020",-0.37
"7/16/2011",1.0525
"7/16/2012",2.5975
"7/16/2013",2.1025
"7/16/2014",0.5175
"7/16/2015",-1.1525
"7/16/2016",2.055
"7/16/2017",0.775
"7/16/2018",1.38
"7/16/2019",-0.64
"7/16/2020",-3.675
"7/17/2011",1.0075
"7/17/2012",1.4475
"7/17/2013",0.0874999999999999
"7/17/2014",2.475
"7/17/2015",-0.9475
"7/17/2016",1.4975
"7/17/2017",-0.5175
"7/17/2018",1.165
"7/17/2019",1.4975
"7/17/2020",-0.1975
"7/18/2011",2.0425
"7/18/2012",1.6425
"7/18/2013",-0.18
"7/18/2014",-1.0275
"7/18/2015",0.3575
"7/18/2016",2.885
"7/18/2017",-0.75
"7/18/2018",1.015
"7/18/2019",2.8525
"7/18/2020",-0.2875
"7/19/2011",1.7675
"7/19/2012",1.41
"7/19/2013",1.71
"7/19/2014",-3.0425
"7/19/2015",0.9725
"7/19/2016",2.99
"7/19/2017",-0.32
"7/19/2018",-0.8725
"7/19/2019",1.5575
"7/19/2020",-0.4725
"7/2/2011",-1.2075
"7/2/2012",1.8025
"7/2/2013",-0.1375
"7/2/2014",0.2625
"7/2/2015",-1.2
"7/2/2016",1.9075
"7/2/2017",0.5625
"7/2/2018",0.00749999999999997
"7/2/2019",2.1725
"7/2/2020",0.1175
"7/20/2011",-2.405
"7/20/2012",-0.5475
"7/20/2013",1.7975
"7/20/2014",-2.3775
"7/20/2015",2.1875
"7/20/2016",0.5375
"7/20/2017",2.465
"7/20/2018",-1.5825
"7/20/2019",2.395
"7/20/2020",2.4175
"7/21/2011",0.05
"7/21/2012",-4.045
"7/21/2013",0.605
"7/21/2014",-3.1325
"7/21/2015",1.435
"7/21/2016",-0.25
"7/21/2017",2.125
"7/21/2018",-4.6575
"7/21/2019",2.975
"7/21/2020",-0.1275
"7/22/2011",1.63
"7/22/2012",-0.7525
"7/22/2013",-0.4575
"7/22/2014",-0.9875
"7/22/2015",2.325
"7/22/2016",2.2425
"7/22/2017",1.075
"7/22/2018",-0.0175
"7/22/2019",1.86
"7/22/2020",0.00750000000000001
"7/23/2011",1.3725
"7/23/2012",0.7575
"7/23/2013",1.16
"7/23/2014",0.845
"7/23/2015",1.775
"7/23/2016",3.225
"7/23/2017",1.155
"7/23/2018",-2.655
"7/23/2019",1.7275
"7/23/2020",1.02
"7/24/2011",3.305
"7/24/2012",3.5025
"7/24/2013",2.625
"7/24/2014",0.26
"7/24/2015",0.325
"7/24/2016",0.0725000000000001
"7/24/2017",0.6175
"7/24/2018",-3.08
"7/24/2019",0.14
"7/24/2020",1.465
"7/25/2011",-0.1
"7/25/2012",1.2725
"7/25/2013",-1.1875
"7/25/2014",-0.5425
"7/25/2015",-0.18
"7/25/2016",0.7725
"7/25/2017",1.645
"7/25/2018",-0.795
"7/25/2019",0.975
"7/25/2020",-0.9575
"7/26/2011",0.4025
"7/26/2012",1.2875
"7/26/2013",-0.6925
"7/26/2014",0.7375
"7/26/2015",1.0475
"7/26/2016",0.86
"7/26/2017",-1.12
"7/26/2018",1.445
"7/26/2019",-1.355
"7/26/2020",1.825
"7/27/2011",1.93
"7/27/2012",0.7875
"7/27/2013",0.285
"7/27/2014",0.5
"7/27/2015",0.36
"7/27/2016",1.25
"7/27/2017",-0.23
"7/27/2018",0.1075
"7/27/2019",0.495
"7/27/2020",3.205
"7/28/2011",-1.595
"7/28/2012",1.3025
"7/28/2013",0.175
"7/28/2014",3.6025
"7/28/2015",-0.555
"7/28/2016",-0.21
"7/28/2017",-0.64
"7/28/2018",0.4725
"7/28/2019",1.54
"7/28/2020",2.1
"7/29/2011",0.235
"7/29/2012",0.565
"7/29/2013",1.875
"7/29/2014",4.4725
"7/29/2015",1.1575
"7/29/2016",0.235
"7/29/2017",-2.3
"7/29/2018",-0.0875
"7/29/2019",2.04
"7/29/2020",1.705
"7/3/2011",1.0725
"7/3/2012",0.225
"7/3/2013",1.5175
"7/3/2014",-0.13
"7/3/2015",-0.43
"7/3/2016",-0.2275
"7/3/2017",2.46
"7/3/2018",-0.6225
"7/3/2019",1.7025
"7/3/2020",1.9425
"7/30/2011",1.47
"7/30/2012",-2.3175
"7/30/2013",2.6075
"7/30/2014",1.63
"7/30/2015",0.8775
"7/30/2016",0.3025
"7/30/2017",-0.5675
"7/30/2018",-3.2475
"7/30/2019",1.5375
"7/30/2020",1.4175
"7/31/2011",0.585
"7/31/2012",-3.225
"7/31/2013",-0.1525
"7/31/2014",1.2525
"7/31/2015",2.405
"7/31/2016",-0.2775
"7/31/2017",0.1
"7/31/2018",-2.795
"7/31/2019",1.525
"7/31/2020",-0.41
"7/4/2011",1.055
"7/4/2012",1.7175
"7/4/2013",1.94
"7/4/2014",2.2025
"7/4/2015",-1.805
"7/4/2016",0.6725
"7/4/2017",0.695
"7/4/2018",-1.9075
"7/4/2019",-0.08
"7/4/2020",-0.0575
"7/5/2011",1.3725
"7/5/2012",2.6
"7/5/2013",1.2975
"7/5/2014",2.9475
"7/5/2015",-1.47
"7/5/2016",2.8
"7/5/2017",-3.2125
"7/5/2018",-1.065
"7/5/2019",-0.5575
"7/5/2020",0.2025
"7/6/2011",0.765
"7/6/2012",0.3075
"7/6/2013",1.555
"7/6/2014",2.715
"7/6/2015",-2.3825
"7/6/2016",1.185
"7/6/2017",-4.985
"7/6/2018",1.7225
"7/6/2019",1.275
"7/6/2020",0.965
"7/7/2011",1.41
"7/7/2012",1.4925
"7/7/2013",2.21
"7/7/2014",1.32
"7/7/2015",1.6525
"7/7/2016",2.3175
"7/7/2017",0.6275
"7/7/2018",-3.935
"7/7/2019",0.275
"7/7/2020",-2.3975
"7/8/2011",-0.085
"7/8/2012",1.1525
"7/8/2013",2.475
"7/8/2014",1.545
"7/8/2015",2.8075
"7/8/2016",1.9325
"7/8/2017",2.8675
"7/8/2018",-3.7875
"7/8/2019",-3.8375
"7/8/2020",-1.4875
"7/9/2011",0.3225
"7/9/2012",-0.745
"7/9/2013",2.4875
"7/9/2014",0.7025
"7/9/2015",2.76
"7/9/2016",1.5125
"7/9/2017",2.49
"7/9/2018",-0.61
"7/9/2019",-1.475
"7/9/2020",-1.4625
"8/1/2011",2.2025
"8/1/2012",-0.29
"8/1/2013",0.5025
"8/1/2014",0.635
"8/1/2015",2.995
"8/1/2016",1.4725
"8/1/2017",1.535
"8/1/2018",1.04
"8/1/2019",1.7125
"8/1/2020",-0.5575
"8/10/2011",3.3975
"8/10/2012",-0.1875
"8/10/2013",1.725
"8/10/2014",0.1775
"8/10/2015",-0.845
"8/10/2016",0.5525
"8/10/2017",0.235
"8/10/2018",2.1875
"8/10/2019",2.6775
"8/10/2020",0.285
"8/11/2011",0.9475
"8/11/2012",0.8025
"8/11/2013",0.5125
"8/11/2014",-1.2575
"8/11/2015",0.825
"8/11/2016",2.7225
"8/11/2017",0.15
"8/11/2018",1.6925
"8/11/2019",0.9025
"8/11/2020",-0.2625
"8/12/2011",-0.44
"8/12/2012",1.1825
"8/12/2013",0.06
"8/12/2014",-2.2875
"8/12/2015",1.905
"8/12/2016",2.275
"8/12/2017",-0.115
"8/12/2018",-1.46
"8/12/2019",0.685
"8/12/2020",0.51
"8/13/2011",-2.0175
"8/13/2012",0.115
"8/13/2013",0.485
"8/13/2014",2.4275
"8/13/2015",1.5925
"8/13/2016",1.375
"8/13/2017",1.0675
"8/13/2018",0.835
"8/13/2019",1.0525
"8/13/2020",-1.86
"8/14/2011",-0.745
"8/14/2012",-0.4575
"8/14/2013",2.8475
"8/14/2014",3.88
"8/14/2015",0.6925
"8/14/2016",3.08
"8/14/2017",-1.6475
"8/14/2018",3.54
"8/14/2019",0.57
"8/14/2020",-2.4525
"8/15/2011",-0.0775
"8/15/2012",0.765
"8/15/2013",1.0725
"8/15/2014",2.4775
"8/15/2015",1.2875
"8/15/2016",0.8975
"8/15/2017",-0.88
"8/15/2018",3.745
"8/15/2019",-2.7375
"8/15/2020",-2.69
"8/16/2011",2.7825
"8/16/2012",1.99
"8/16/2013",-0.9075
"8/16/2014",-0.675
"8/16/2015",1.0775
"8/16/2016",-0.12
"8/16/2017",0.2
"8/16/2018",2.425
"8/16/2019",-1.93
"8/16/2020",-2.6275
"8/17/2011",0.55
"8/17/2012",1.6575
"8/17/2013",-3.145
"8/17/2014",2.565
"8/17/2015",1.0375
"8/17/2016",3.48
"8/17/2017",-0.72
"8/17/2018",0.995
"8/17/2019",-0.505
"8/17/2020",0.1275
"8/18/2011",0.9725
"8/18/2012",0.22
"8/18/2013",-3.8
"8/18/2014",-0.74
"8/18/2015",-0.785
"8/18/2016",2.475
"8/18/2017",0.1725
"8/18/2018",1.92
"8/18/2019",0.075
"8/18/2020",1.7275
"8/19/2011",-0.7025
"8/19/2012",-1.5625
"8/19/2013",1.4575
"8/19/2014",-2.53
"8/19/2015",0.135
"8/19/2016",1.6375
"8/19/2017",1.855
"8/19/2018",1.8075
"8/19/2019",0.045
"8/19/2020",1.5275
"8/2/2011",2.3775
"8/2/2012",-0.8725
"8/2/2013",2.02
"8/2/2014",-4.1525
"8/2/2015",1.4275
"8/2/2016",-2.04
"8/2/2017",0.805
"8/2/2018",1.7225
"8/2/2019",-0.485
"8/2/2020",-0.3625
"8/20/2011",-0.655
"8/20/2012",-0.855
"8/20/2013",0.93
"8/20/2014",-2.355
"8/20/2015",-1.2225
"8/20/2016",-1.6625
"8/20/2017",0.5825
"8/20/2018",-3.635
"8/20/2019",-0.07
"8/20/2020",-1.3425
"8/21/2011",0.3575
"8/21/2012",0.4
"8/21/2013",1.78
"8/21/2014",-0.8075
"8/21/2015",1.0925
"8/21/2016",-0.225
"8/21/2017",-0.375
"8/21/2018",-4.59
"8/21/2019",0.79
"8/21/2020",-0.2775
"8/22/2011",2.155
"8/22/2012",-0.145
"8/22/2013",1.675
"8/22/2014",0.3375
"8/22/2015",-1.0075
"8/22/2016",3.285
"8/22/2017",2.3575
"8/22/2018",1.2525
"8/22/2019",1.8775
"8/22/2020",0.1225
"8/23/2011",1.25
"8/23/2012",-0.295
"8/23/2013",1.1675
"8/23/2014",-3.7325
"8/23/2015",-1.345
"8/23/2016",-1.885
"8/23/2017",1.7275
"8/23/2018",2.4825
"8/23/2019",-0.19
"8/23/2020",0.2425
"8/24/2011",0.35
"8/24/2012",-0.085
"8/24/2013",-1.08
"8/24/2014",-3.7325
"8/24/2015",-0.76
"8/24/2016",0.75
"8/24/2017",-0.1275
"8/24/2018",0.77
"8/24/2019",-0.2775
"8/24/2020",1.3975
"8/25/2011",0.855
"8/25/2012",-3.2575
"8/25/2013",-2.8775
"8/25/2014",-3.225
"8/25/2015",1.2975
"8/25/2016",0.9025
"8/25/2017",0.415
"8/25/2018",-0.85
"8/25/2019",-4.06
"8/25/2020",3.545
"8/26/2011",0.12
"8/26/2012",-6.87
"8/26/2013",2.6025
"8/26/2014",-1.605
"8/26/2015",1.1725
"8/26/2016",2.145
"8/26/2017",-2.64
"8/26/2018",1.1425
"8/26/2019",-4.8275
"8/26/2020",3.4
"8/27/2011",-3.4625
"8/27/2012",-1.4325
"8/27/2013",3.6975
"8/27/2014",-0.7475
"8/27/2015",0.7675
"8/27/2016",-1.9225
"8/27/2017",-3.875
"8/27/2018",1.815
"8/27/2019",-3.81
"8/27/2020",3.8
"8/28/2011",4.235
"8/28/2012",1.82
"8/28/2013",2.4025
"8/28/2014",2.1
"8/28/2015",-1.2025
"8/28/2016",-3.225
"8/28/2017",-5.9275
"8/28/2018",1.585
"8/28/2019",-1.4225
"8/28/2020",3.17
"8/29/2011",-0.37
"8/29/2012",0.1525
"8/29/2013",-1.255
"8/29/2014",-1.35
"8/29/2015",-0.2975
"8/29/2016",-0.6125
"8/29/2017",-6.6025
"8/29/2018",1.59
"8/29/2019",2.97
"8/29/2020",0.58
"8/3/2011",0.8
"8/3/2012",-0.6825
"8/3/2013",2.33
"8/3/2014",-1.8175
"8/3/2015",2.0675
"8/3/2016",-4.64
"8/3/2017",-1.0625
"8/3/2018",2.3575
"8/3/2019",-0.645
"8/3/2020",0.5075
"8/30/2011",-1.5525
"8/30/2012",-0.6425
"8/30/2013",-0.095
"8/30/2014",-2.26
"8/30/2015",0.425
"8/30/2016",-1.665
"8/30/2017",-0.64
"8/30/2018",1.975
"8/30/2019",1.785
"8/30/2020",2.9275
"8/31/2011",-0.785
"8/31/2012",2.33
"8/31/2013",0.3075
"8/31/2014",0.62
"8/31/2015",2.415
"8/31/2016",-1.175
"8/31/2017",2.5875
"8/31/2018",-1.005
"8/31/2019",0.345
"8/31/2020",-2.01
"8/4/2011",-1.3175
"8/4/2012",-1.0575
"8/4/2013",3.0125
"8/4/2014",1.23
"8/4/2015",1.8725
"8/4/2016",-3.6275
"8/4/2017",-1.09
"8/4/2018",2.125
"8/4/2019",0.38
"8/4/2020",1.5375
"8/5/2011",-2.3575
"8/5/2012",1.85
"8/5/2013",1.0725
"8/5/2014",-1.11
"8/5/2015",0.9625
"8/5/2016",-0.8225
"8/5/2017",1.92
"8/5/2018",1.7425
"8/5/2019",0.0925
"8/5/2020",1.2125
"8/6/2011",-0.91
"8/6/2012",2.575
"8/6/2013",-0.7
"8/6/2014",0.42
"8/6/2015",-0.8375
"8/6/2016",0.885
"8/6/2017",2.6125
"8/6/2018",1.875
"8/6/2019",0.775
"8/6/2020",-2.065
"8/7/2011",0.53
"8/7/2012",-0.2525
"8/7/2013",-0.8975
"8/7/2014",0.3525
"8/7/2015",-2.6025
"8/7/2016",1.3475
"8/7/2017",-1.6575
"8/7/2018",0.7675
"8/7/2019",0.3575
"8/7/2020",-1.3625
"8/8/2011",3.4
"8/8/2012",-1.135
"8/8/2013",1.0075
"8/8/2014",-0.445
"8/8/2015",-1.9825
"8/8/2016",1.1675
"8/8/2017",0.0175
"8/8/2018",1.4825
"8/8/2019",1.6825
"8/8/2020",-0.7525
"8/9/2011",0.92
"8/9/2012",0.0225
"8/9/2013",1.76
"8/9/2014",-2.435
"8/9/2015",-0.1925
"8/9/2016",0.885
"8/9/2017",0.295
"8/9/2018",2.1475
"8/9/2019",2.9125
"8/9/2020",0.8825
"9/1/2011",0.075
"9/1/2012",4.1125
"9/1/2013",-0.1925
"9/1/2014",1.1825
"9/1/2015",1.415
"9/1/2016",0.385
"9/1/2017",-2.2275
"9/1/2018",-4.08
"9/1/2019",-4.425
"9/1/2020",-3.445
"9/10/2011",1.01
"9/10/2012",2.6475
"9/10/2013",0.09
"9/10/2014",-2.0975
"9/10/2015",0.8
"9/10/2016",-0.0225
"9/10/2017",-2.5375
"9/10/2018",-7.615
"9/10/2019",-2.4925
"9/10/2020",-4.155
"9/11/2011",0.3275
"9/11/2012",-0.17
"9/11/2013",0.9475
"9/11/2014",0.3475
"9/11/2015",2.225
"9/11/2016",2.1925
"9/11/2017",-3.2
"9/11/2018",-2.6775
"9/11/2019",0.405
"9/11/2020",-0.985
"9/12/2011",0.7125
"9/12/2012",0.705
"9/12/2013",0.3625
"9/12/2014",0.4925
"9/12/2015",-0.2
"9/12/2016",-1.3925
"9/12/2017",-2.1575
"9/12/2018",-0.8825
"9/12/2019",2.79
"9/12/2020",-4.7525
"9/13/2011",1.365
"9/13/2012",0.2075
"9/13/2013",2.355
"9/13/2014",-1.655
"9/13/2015",3.675
"9/13/2016",-1.0575
"9/13/2017",-1.93
"9/13/2018",-4.645
"9/13/2019",-6.2425
"9/13/2020",-2.895
"9/14/2011",0.7175
"9/14/2012",1.0375
"9/14/2013",2.7875
"9/14/2014",-0.3725
"9/14/2015",5.355
"9/14/2016",0.7325
"9/14/2017",0.9025
"9/14/2018",-5.7675
"9/14/2019",-2.9175
"9/14/2020",1.1775
"9/15/2011",0.935
"9/15/2012",2.275
"9/15/2013",-0.83
"9/15/2014",-1.815
"9/15/2015",1.82
"9/15/2016",-2.7075
"9/15/2017",1.275
"9/15/2018",-5.385
"9/15/2019",1.275
"9/15/2020",-2.56
"9/16/2011",1.13
"9/16/2012",1.7525
"9/16/2013",1.19
"9/16/2014",1.4575
"9/16/2015",0.605
"9/16/2016",-3.6475
"9/16/2017",0.505
"9/16/2018",-5.0725
"9/16/2019",0.0975
"9/16/2020",-1.8825
"9/17/2011",-3.5425
"9/17/2012",0.0675
"9/17/2013",-2.9225
"9/17/2014",-1.5025
"9/17/2015",0.845
"9/17/2016",-2.2775
"9/17/2017",-1.73
"9/17/2018",-5.4875
"9/17/2019",-3.68
"9/17/2020",-0.075
"9/18/2011",-4.24
"9/18/2012",-1.465
"9/18/2013",-3.63
"9/18/2014",-1.4075
"9/18/2015",0.7775
"9/18/2016",0.3
"9/18/2017",-3.005
"9/18/2018",0.6375
"9/18/2019",-2.3375
"9/18/2020",-0.8875
"9/19/2011",-3.7475
"9/19/2012",1.6775
"9/19/2013",0.1825
"9/19/2014",-2.33
"9/19/2015",-0.51
"9/19/2016",-0.6975
"9/19/2017",-1.425
"9/19/2018",1.615
"9/19/2019",-4.3325
"9/19/2020",-1.65
"9/2/2011",-1.9525
"9/2/2012",-0.0025
"9/2/2013",0.815
"9/2/2014",1.4
"9/2/2015",0.4525
"9/2/2016",-1.715
"9/2/2017",-3.88
"9/2/2018",-1.6625
"9/2/2019",-0.915
"9/2/2020",-1.32
"9/20/2011",0.5375
"9/20/2012",-1.6925
"9/20/2013",0.235
"9/20/2014",-3.1425
"9/20/2015",1.0725
"9/20/2016",-1.62
"9/20/2017",1.9925
"9/20/2018",-2.3925
"9/20/2019",0.575
"9/20/2020",-3.52
"9/21/2011",-1.8125
"9/21/2012",-1.0075
"9/21/2013",-1.29
"9/21/2014",-0.88
"9/21/2015",-3.6
"9/21/2016",-2.655
"9/21/2017",0.7175
"9/21/2018",-1.12
"9/21/2019",1.605
"9/21/2020",-5.76
"9/22/2011",-0.405
"9/22/2012",-0.0325000000000001
"9/22/2013",1.515
"9/22/2014",3.7325
"9/22/2015",-4.03
"9/22/2016",-3.7175
"9/22/2017",1.12
"9/22/2018",1.825
"9/22/2019",-0.36
"9/22/2020",1.1925
"9/23/2011",-1.0025
"9/23/2012",3.0875
"9/23/2013",0.675
"9/23/2014",0.85
"9/23/2015",-3.305
"9/23/2016",-1.115
"9/23/2017",-0.65
"9/23/2018",-3.72
"9/23/2019",1.4475
"9/23/2020",4.68
"9/24/2011",0.2925
"9/24/2012",1.875
"9/24/2013",0.755
"9/24/2014",-5.5475
"9/24/2015",-3.4775
"9/24/2016",0.2125
"9/24/2017",-1.005
"9/24/2018",-6.0875
"9/24/2019",2.7975
"9/24/2020",2.0925
"9/25/2011",-2.3725
"9/25/2012",2.22
"9/25/2013",-0.0675
"9/25/2014",-4.475
"9/25/2015",-7.085
"9/25/2016",-2.3975
"9/25/2017",-1.1825
"9/25/2018",-5.27
"9/25/2019",2.1575
"9/25/2020",1.1
"9/26/2011",-1.5575
"9/26/2012",2.895
"9/26/2013",-2.1975
"9/26/2014",-1.8
"9/26/2015",-7.055
"9/26/2016",-1.3575
"9/26/2017",-4.11
"9/26/2018",0.415
"9/26/2019",0.6225
"9/26/2020",-1.295
"9/27/2011",-1.835
"9/27/2012",1.5175
"9/27/2013",-2.7375
"9/27/2014",-1.145
"9/27/2015",-6.395
"9/27/2016",0.385
"9/27/2017",-2.1725
"9/27/2018",-0.6575
"9/27/2019",-2.04
"9/27/2020",-0.06
"9/28/2011",-1.565
"9/28/2012",0.09
"9/28/2013",-3.5225
"9/28/2014",-0.8425
"9/28/2015",-4.0025
"9/28/2016",-3.605
"9/28/2017",2.585
"9/28/2018",0.295
"9/28/2019",0.2275
"9/28/2020",0.11
"9/29/2011",1.5375
"9/29/2012",2.21
"9/29/2013",-2.355
"9/29/2014",0.9425
"9/29/2015",-2.5375
"9/29/2016",-8.0975
"9/29/2017",0.2175
"9/29/2018",2.0025
"9/29/2019",-0.105
"9/29/2020",-0.3225
"9/3/2011",-0.4875
"9/3/2012",-2.2425
"9/3/2013",1.965
"9/3/2014",-0.675
"9/3/2015",2.565
"9/3/2016",-4.0675
"9/3/2017",0.8025
"9/3/2018",0.84
"9/3/2019",0.4
"9/3/2020",0.45
"9/30/2011",1.6925
"9/30/2012",1.845
"9/30/2013",-1.6675
"9/30/2014",0.00749999999999999
"9/30/2015",-0.2
"9/30/2016",-7.0125
"9/30/2017",3.0975
"9/30/2018",-1.7525
"9/30/2019",-3.7475
"9/30/2020",3.5125
"9/4/2011",-0.49
"9/4/2012",-0.15
"9/4/2013",2.1325
"9/4/2014",-2.805
"9/4/2015",-0.3525
"9/4/2016",-3.2825
"9/4/2017",3.7375
"9/4/2018",0.3825
"9/4/2019",1.6625
"9/4/2020",2.2175
"9/5/2011",-0.3475
"9/5/2012",1.6625
"9/5/2013",4.35
"9/5/2014",-0.28
"9/5/2015",-4.705
"9/5/2016",-0.2725
"9/5/2017",1.49
"9/5/2018",0.1325
"9/5/2019",-2.4325
"9/5/2020",0.3675
"9/6/2011",-1.6575
"9/6/2012",-0.87
"9/6/2013",-1.64
"9/6/2014",1.8675
"9/6/2015",-3.885
"9/6/2016",3.7525
"9/6/2017",-0.0275
"9/6/2018",1.85
"9/6/2019",-2.37
"9/6/2020",1.895
"9/7/2011",-1.8275
"9/7/2012",0.6425
"9/7/2013",-1.2125
"9/7/2014",0.4175
"9/7/2015",0.125
"9/7/2016",0.4875
"9/7/2017",3.17
"9/7/2018",-1.0325
"9/7/2019",0.91
"9/7/2020",0.24
"9/8/2011",-1.2575
"9/8/2012",0.4125
"9/8/2013",1.83
"9/8/2014",-3.73
"9/8/2015",1.2525
"9/8/2016",3.0525
"9/8/2017",4.445
"9/8/2018",-2.52
"9/8/2019",1.8
"9/8/2020",-1.305
"9/9/2011",-2.575
"9/9/2012",1.9525
"9/9/2013",-3.0125
"9/9/2014",-4.7075
"9/9/2015",0.1625
"9/9/2016",1.6175
"9/9/2017",-0.4825
"9/9/2018",-5.705
"9/9/2019",-2.0125
"9/9/2020",-3.1075
